date,county,state,fips,cases,deaths
2020-04-04,Autauga,Alabama,01001,12,0
2020-04-04,Baldwin,Alabama,01003,29,1
2020-04-04,Barbour,Alabama,01005,2,0
2020-04-04,Bibb,Alabama,01007,4,0
2020-04-04,Blount,Alabama,01009,10,0
2020-04-04,Bullock,Alabama,01011,2,0
2020-04-04,Butler,Alabama,01013,1,0
2020-04-04,Calhoun,Alabama,01015,21,0
2020-04-04,Chambers,Alabama,01017,87,6
2020-04-04,Cherokee,Alabama,01019,6,0
2020-04-04,Chilton,Alabama,01021,15,0
2020-04-04,Choctaw,Alabama,01023,4,0
2020-04-04,Clarke,Alabama,01025,7,0
2020-04-04,Clay,Alabama,01027,9,0
2020-04-04,Cleburne,Alabama,01029,7,0
2020-04-04,Coffee,Alabama,01031,7,0
2020-04-04,Colbert,Alabama,01033,5,0
2020-04-04,Conecuh,Alabama,01035,2,0
2020-04-04,Coosa,Alabama,01037,6,0
2020-04-04,Covington,Alabama,01039,4,0
2020-04-04,Crenshaw,Alabama,01041,2,0
2020-04-04,Cullman,Alabama,01043,15,1
2020-04-04,Dale,Alabama,01045,2,0
2020-04-04,Dallas,Alabama,01047,7,0
2020-04-04,DeKalb,Alabama,01049,13,0
2020-04-04,Elmore,Alabama,01051,19,0
2020-04-04,Escambia,Alabama,01053,2,0
2020-04-04,Etowah,Alabama,01055,27,3
2020-04-04,Fayette,Alabama,01057,1,0
2020-04-04,Franklin,Alabama,01059,6,0
2020-04-04,Greene,Alabama,01063,5,0
2020-04-04,Hale,Alabama,01065,3,0
2020-04-04,Henry,Alabama,01067,2,0
2020-04-04,Houston,Alabama,01069,14,1
2020-04-04,Jackson,Alabama,01071,13,1
2020-04-04,Jefferson,Alabama,01073,376,9
2020-04-04,Lamar,Alabama,01075,3,0
2020-04-04,Lauderdale,Alabama,01077,16,2
2020-04-04,Lawrence,Alabama,01079,4,0
2020-04-04,Lee,Alabama,01081,104,3
2020-04-04,Limestone,Alabama,01083,31,0
2020-04-04,Lowndes,Alabama,01085,3,0
2020-04-04,Macon,Alabama,01087,5,0
2020-04-04,Madison,Alabama,01089,126,1
2020-04-04,Marengo,Alabama,01091,8,0
2020-04-04,Marion,Alabama,01093,17,2
2020-04-04,Marshall,Alabama,01095,17,0
2020-04-04,Mobile,Alabama,01097,114,5
2020-04-04,Monroe,Alabama,01099,5,0
2020-04-04,Montgomery,Alabama,01101,63,1
2020-04-04,Morgan,Alabama,01103,24,0
2020-04-04,Perry,Alabama,01105,1,0
2020-04-04,Pickens,Alabama,01107,12,0
2020-04-04,Pike,Alabama,01109,10,0
2020-04-04,Randolph,Alabama,01111,11,1
2020-04-04,Russell,Alabama,01113,6,0
2020-04-04,Shelby,Alabama,01117,127,5
2020-04-04,St. Clair,Alabama,01115,25,0
2020-04-04,Sumter,Alabama,01119,6,0
2020-04-04,Talladega,Alabama,01121,16,0
2020-04-04,Tallapoosa,Alabama,01123,20,1
2020-04-04,Tuscaloosa,Alabama,01125,44,0
2020-04-04,Walker,Alabama,01127,49,0
2020-04-04,Washington,Alabama,01129,5,1
2020-04-04,Wilcox,Alabama,01131,11,0
2020-04-04,Winston,Alabama,01133,3,0
2020-04-04,Anchorage,Alaska,02020,81,2
2020-04-04,Fairbanks North Star Borough,Alaska,02090,46,1
2020-04-04,Juneau City and Borough,Alaska,02110,12,0
2020-04-04,Kenai Peninsula Borough,Alaska,02122,11,1
2020-04-04,Ketchikan Gateway Borough,Alaska,02130,14,0
2020-04-04,Matanuska-Susitna Borough,Alaska,02170,4,0
2020-04-04,Petersburg Borough,Alaska,02195,1,1
2020-04-04,Southeast Fairbanks Census Area,Alaska,02240,1,0
2020-04-04,Yukon-Koyukuk Census Area,Alaska,02290,1,0
2020-04-04,Apache,Arizona,04001,20,0
2020-04-04,Cochise,Arizona,04003,7,0
2020-04-04,Coconino,Arizona,04005,147,10
2020-04-04,Gila,Arizona,04007,3,0
2020-04-04,Graham,Arizona,04009,3,0
2020-04-04,Greenlee,Arizona,04011,1,0
2020-04-04,La Paz,Arizona,04012,2,0
2020-04-04,Maricopa,Arizona,04013,1171,28
2020-04-04,Mohave,Arizona,04015,12,0
2020-04-04,Navajo,Arizona,04017,177,1
2020-04-04,Pima,Arizona,04019,326,12
2020-04-04,Pinal,Arizona,04021,89,0
2020-04-04,Santa Cruz,Arizona,04023,4,0
2020-04-04,Unknown,Arizona,,0,2
2020-04-04,Yavapai,Arizona,04025,43,0
2020-04-04,Yuma,Arizona,04027,14,0
2020-04-04,Arkansas,Arkansas,05001,1,0
2020-04-04,Ashley,Arkansas,05003,4,0
2020-04-04,Baxter,Arkansas,05005,3,0
2020-04-04,Benton,Arkansas,05007,40,0
2020-04-04,Boone,Arkansas,05009,3,0
2020-04-04,Bradley,Arkansas,05011,4,0
2020-04-04,Carroll,Arkansas,05015,1,0
2020-04-04,Chicot,Arkansas,05017,2,0
2020-04-04,Clark,Arkansas,05019,27,0
2020-04-04,Cleburne,Arkansas,05023,65,3
2020-04-04,Cleveland,Arkansas,05025,4,0
2020-04-04,Columbia,Arkansas,05027,3,0
2020-04-04,Conway,Arkansas,05029,3,1
2020-04-04,Craighead,Arkansas,05031,17,0
2020-04-04,Crawford,Arkansas,05033,3,0
2020-04-04,Crittenden,Arkansas,05035,44,0
2020-04-04,Cross,Arkansas,05037,5,0
2020-04-04,Dallas,Arkansas,05039,1,0
2020-04-04,Desha,Arkansas,05041,4,0
2020-04-04,Drew,Arkansas,05043,3,0
2020-04-04,Faulkner,Arkansas,05045,40,1
2020-04-04,Garland,Arkansas,05051,40,0
2020-04-04,Grant,Arkansas,05053,3,0
2020-04-04,Greene,Arkansas,05055,4,0
2020-04-04,Hempstead,Arkansas,05057,3,0
2020-04-04,Hot Spring,Arkansas,05059,5,0
2020-04-04,Howard,Arkansas,05061,4,0
2020-04-04,Independence,Arkansas,05063,4,0
2020-04-04,Jefferson,Arkansas,05069,53,0
2020-04-04,Johnson,Arkansas,05071,7,0
2020-04-04,Lafayette,Arkansas,05073,1,0
2020-04-04,Lawrence,Arkansas,05075,3,1
2020-04-04,Lee,Arkansas,05077,1,0
2020-04-04,Lincoln,Arkansas,05079,6,0
2020-04-04,Lonoke,Arkansas,05085,15,0
2020-04-04,Miller,Arkansas,05091,8,0
2020-04-04,Mississippi,Arkansas,05093,2,0
2020-04-04,Monroe,Arkansas,05095,1,0
2020-04-04,Nevada,Arkansas,05099,1,0
2020-04-04,Newton,Arkansas,05101,1,0
2020-04-04,Ouachita,Arkansas,05103,1,0
2020-04-04,Perry,Arkansas,05105,2,0
2020-04-04,Pike,Arkansas,05109,2,0
2020-04-04,Poinsett,Arkansas,05111,5,0
2020-04-04,Polk,Arkansas,05113,5,0
2020-04-04,Pope,Arkansas,05115,8,0
2020-04-04,Prairie,Arkansas,05117,1,0
2020-04-04,Pulaski,Arkansas,05119,139,6
2020-04-04,Randolph,Arkansas,05121,3,0
2020-04-04,Saline,Arkansas,05125,21,0
2020-04-04,Scott,Arkansas,05127,1,0
2020-04-04,Searcy,Arkansas,05129,5,0
2020-04-04,Sebastian,Arkansas,05131,8,0
2020-04-04,Sevier,Arkansas,05133,3,0
2020-04-04,Sharp,Arkansas,05135,1,0
2020-04-04,St. Francis,Arkansas,05123,3,0
2020-04-04,Stone,Arkansas,05137,5,0
2020-04-04,Union,Arkansas,05139,10,0
2020-04-04,Unknown,Arkansas,,12,1
2020-04-04,Van Buren,Arkansas,05141,20,1
2020-04-04,Washington,Arkansas,05143,25,0
2020-04-04,White,Arkansas,05145,23,0
2020-04-04,Woodruff,Arkansas,05147,1,0
2020-04-04,Alameda,California,06001,464,12
2020-04-04,Alpine,California,06003,1,0
2020-04-04,Amador,California,06005,2,0
2020-04-04,Butte,California,06007,11,0
2020-04-04,Calaveras,California,06009,4,0
2020-04-04,Colusa,California,06011,2,0
2020-04-04,Contra Costa,California,06013,353,5
2020-04-04,Del Norte,California,06015,2,0
2020-04-04,El Dorado,California,06017,22,0
2020-04-04,Fresno,California,06019,103,1
2020-04-04,Glenn,California,06021,2,0
2020-04-04,Humboldt,California,06023,44,0
2020-04-04,Imperial,California,06025,55,0
2020-04-04,Inyo,California,06027,10,0
2020-04-04,Kern,California,06029,205,2
2020-04-04,Kings,California,06031,5,0
2020-04-04,Los Angeles,California,06037,5277,117
2020-04-04,Madera,California,06039,30,2
2020-04-04,Marin,California,06041,137,7
2020-04-04,Mendocino,California,06045,4,0
2020-04-04,Merced,California,06047,16,0
2020-04-04,Mono,California,06051,19,1
2020-04-04,Monterey,California,06053,62,2
2020-04-04,Napa,California,06055,21,2
2020-04-04,Nevada,California,06057,31,1
2020-04-04,Orange,California,06059,786,14
2020-04-04,Placer,California,06061,97,2
2020-04-04,Plumas,California,06063,3,0
2020-04-04,Riverside,California,06065,665,18
2020-04-04,Sacramento,California,06067,411,12
2020-04-04,San Benito,California,06069,23,2
2020-04-04,San Bernardino,California,06071,353,13
2020-04-04,San Diego,California,06073,1209,18
2020-04-04,San Francisco,California,06075,529,8
2020-04-04,San Joaquin,California,06077,191,11
2020-04-04,San Luis Obispo,California,06079,93,1
2020-04-04,San Mateo,California,06081,538,13
2020-04-04,Santa Barbara,California,06083,168,1
2020-04-04,Santa Clara,California,06085,1148,40
2020-04-04,Santa Cruz,California,06087,62,1
2020-04-04,Shasta,California,06089,17,2
2020-04-04,Siskiyou,California,06093,3,0
2020-04-04,Solano,California,06095,78,1
2020-04-04,Sonoma,California,06097,105,1
2020-04-04,Stanislaus,California,06099,65,0
2020-04-04,Sutter,California,06101,16,1
2020-04-04,Tehama,California,06103,1,0
2020-04-04,Tulare,California,06107,107,5
2020-04-04,Tuolumne,California,06109,1,0
2020-04-04,Unknown,California,,0,0
2020-04-04,Ventura,California,06111,203,6
2020-04-04,Yolo,California,06113,33,1
2020-04-04,Yuba,California,06115,9,0
2020-04-04,Adams,Colorado,08001,320,9
2020-04-04,Alamosa,Colorado,08003,4,0
2020-04-04,Arapahoe,Colorado,08005,552,10
2020-04-04,Archuleta,Colorado,08007,1,0
2020-04-04,Baca,Colorado,08009,9,0
2020-04-04,Boulder,Colorado,08013,159,3
2020-04-04,Broomfield,Colorado,08014,44,2
2020-04-04,Chaffee,Colorado,08015,21,2
2020-04-04,Clear Creek,Colorado,08019,6,0
2020-04-04,Costilla,Colorado,08023,3,0
2020-04-04,Crowley,Colorado,08025,1,1
2020-04-04,Custer,Colorado,08027,2,0
2020-04-04,Delta,Colorado,08029,4,0
2020-04-04,Denver,Colorado,08031,769,14
2020-04-04,Douglas,Colorado,08035,209,3
2020-04-04,Eagle,Colorado,08037,333,5
2020-04-04,El Paso,Colorado,08041,406,22
2020-04-04,Elbert,Colorado,08039,9,1
2020-04-04,Fremont,Colorado,08043,3,0
2020-04-04,Garfield,Colorado,08045,45,1
2020-04-04,Grand,Colorado,08049,4,0
2020-04-04,Gunnison,Colorado,08051,90,1
2020-04-04,Hinsdale,Colorado,08053,1,0
2020-04-04,Huerfano,Colorado,08055,1,0
2020-04-04,Jefferson,Colorado,08059,483,15
2020-04-04,Kit Carson,Colorado,08063,5,0
2020-04-04,La Plata,Colorado,08067,25,0
2020-04-04,Lake,Colorado,08065,3,0
2020-04-04,Larimer,Colorado,08069,144,8
2020-04-04,Las Animas,Colorado,08071,1,0
2020-04-04,Lincoln,Colorado,08073,1,0
2020-04-04,Logan,Colorado,08075,8,0
2020-04-04,Mesa,Colorado,08077,20,0
2020-04-04,Mineral,Colorado,08079,2,0
2020-04-04,Moffat,Colorado,08081,4,0
2020-04-04,Montezuma,Colorado,08083,6,1
2020-04-04,Montrose,Colorado,08085,31,1
2020-04-04,Morgan,Colorado,08087,16,0
2020-04-04,Otero,Colorado,08089,3,0
2020-04-04,Ouray,Colorado,08091,2,0
2020-04-04,Park,Colorado,08093,5,0
2020-04-04,Phillips,Colorado,08095,3,0
2020-04-04,Pitkin,Colorado,08097,38,2
2020-04-04,Pueblo,Colorado,08101,39,2
2020-04-04,Rio Blanco,Colorado,08103,1,0
2020-04-04,Rio Grande,Colorado,08105,5,0
2020-04-04,Routt,Colorado,08107,29,0
2020-04-04,Saguache,Colorado,08109,3,0
2020-04-04,San Miguel,Colorado,08113,9,0
2020-04-04,Summit,Colorado,08117,43,0
2020-04-04,Teller,Colorado,08119,11,1
2020-04-04,Unknown,Colorado,,211,0
2020-04-04,Washington,Colorado,08121,1,0
2020-04-04,Weld,Colorado,08123,424,22
2020-04-04,Yuma,Colorado,08125,2,0
2020-04-04,Fairfield,Connecticut,09001,2824,86
2020-04-04,Hartford,Connecticut,09003,726,26
2020-04-04,Litchfield,Connecticut,09005,182,5
2020-04-04,Middlesex,Connecticut,09007,100,4
2020-04-04,New Haven,Connecticut,09009,1024,29
2020-04-04,New London,Connecticut,09011,57,3
2020-04-04,Tolland,Connecticut,09013,91,10
2020-04-04,Unknown,Connecticut,,241,1
2020-04-04,Windham,Connecticut,09015,31,1
2020-04-04,Kent,Delaware,10001,68,2
2020-04-04,New Castle,Delaware,10003,400,9
2020-04-04,Sussex,Delaware,10005,125,3
2020-04-04,District of Columbia,District of Columbia,11001,902,21
2020-04-04,Alachua,Florida,12001,116,0
2020-04-04,Baker,Florida,12003,11,0
2020-04-04,Bay,Florida,12005,23,1
2020-04-04,Bradford,Florida,12007,6,0
2020-04-04,Brevard,Florida,12009,72,0
2020-04-04,Broward,Florida,12011,1765,32
2020-04-04,Calhoun,Florida,12013,3,0
2020-04-04,Charlotte,Florida,12015,46,1
2020-04-04,Citrus,Florida,12017,34,2
2020-04-04,Clay,Florida,12019,74,6
2020-04-04,Collier,Florida,12021,221,2
2020-04-04,Columbia,Florida,12023,10,0
2020-04-04,DeSoto,Florida,12027,11,1
2020-04-04,Dixie,Florida,12029,1,0
2020-04-04,Duval,Florida,12031,387,9
2020-04-04,Escambia,Florida,12033,118,1
2020-04-04,Flagler,Florida,12035,29,1
2020-04-04,Franklin,Florida,12037,1,0
2020-04-04,Gadsden,Florida,12039,3,0
2020-04-04,Glades,Florida,12043,4,1
2020-04-04,Gulf,Florida,12045,1,0
2020-04-04,Hardee,Florida,12049,1,0
2020-04-04,Hendry,Florida,12051,6,0
2020-04-04,Hernando,Florida,12053,40,0
2020-04-04,Highlands,Florida,12055,30,2
2020-04-04,Hillsborough,Florida,12057,497,5
2020-04-04,Holmes,Florida,12059,1,0
2020-04-04,Indian River,Florida,12061,50,0
2020-04-04,Jackson,Florida,12063,4,0
2020-04-04,Jefferson,Florida,12065,1,0
2020-04-04,Lake,Florida,12069,95,2
2020-04-04,Lee,Florida,12071,347,11
2020-04-04,Leon,Florida,12073,41,0
2020-04-04,Levy,Florida,12075,2,0
2020-04-04,Madison,Florida,12079,6,0
2020-04-04,Manatee,Florida,12081,129,3
2020-04-04,Marion,Florida,12083,42,0
2020-04-04,Martin,Florida,12085,53,0
2020-04-04,Miami-Dade,Florida,12086,3889,31
2020-04-04,Monroe,Florida,12087,42,2
2020-04-04,Nassau,Florida,12089,21,0
2020-04-04,Okaloosa,Florida,12091,58,1
2020-04-04,Okeechobee,Florida,12093,3,0
2020-04-04,Orange,Florida,12095,656,7
2020-04-04,Osceola,Florida,12097,216,4
2020-04-04,Palm Beach,Florida,12099,952,35
2020-04-04,Pasco,Florida,12101,90,2
2020-04-04,Pinellas,Florida,12103,342,7
2020-04-04,Polk,Florida,12105,142,4
2020-04-04,Putnam,Florida,12107,18,1
2020-04-04,Santa Rosa,Florida,12113,50,2
2020-04-04,Sarasota,Florida,12115,129,7
2020-04-04,Seminole,Florida,12117,178,1
2020-04-04,St. Johns,Florida,12109,132,2
2020-04-04,St. Lucie,Florida,12111,76,3
2020-04-04,Sumter,Florida,12119,73,3
2020-04-04,Suwannee,Florida,12121,17,0
2020-04-04,Union,Florida,12125,1,0
2020-04-04,Unknown,Florida,,10,0
2020-04-04,Volusia,Florida,12127,134,2
2020-04-04,Wakulla,Florida,12129,5,0
2020-04-04,Walton,Florida,12131,21,0
2020-04-04,Washington,Florida,12133,1,0
2020-04-04,Appling,Georgia,13001,5,0
2020-04-04,Bacon,Georgia,13005,6,0
2020-04-04,Baker,Georgia,13007,5,1
2020-04-04,Baldwin,Georgia,13009,11,1
2020-04-04,Banks,Georgia,13011,3,0
2020-04-04,Barrow,Georgia,13013,25,2
2020-04-04,Bartow,Georgia,13015,160,7
2020-04-04,Ben Hill,Georgia,13017,4,0
2020-04-04,Berrien,Georgia,13019,3,0
2020-04-04,Bibb,Georgia,13021,36,1
2020-04-04,Bleckley,Georgia,13023,1,0
2020-04-04,Brooks,Georgia,13027,5,0
2020-04-04,Bryan,Georgia,13029,15,1
2020-04-04,Bulloch,Georgia,13031,5,0
2020-04-04,Burke,Georgia,13033,9,0
2020-04-04,Butts,Georgia,13035,10,0
2020-04-04,Calhoun,Georgia,13037,15,1
2020-04-04,Camden,Georgia,13039,6,0
2020-04-04,Candler,Georgia,13043,1,0
2020-04-04,Carroll,Georgia,13045,158,2
2020-04-04,Catoosa,Georgia,13047,6,0
2020-04-04,Charlton,Georgia,13049,1,0
2020-04-04,Chatham,Georgia,13051,81,3
2020-04-04,Chattahoochee,Georgia,13053,2,0
2020-04-04,Chattooga,Georgia,13055,3,0
2020-04-04,Cherokee,Georgia,13057,120,5
2020-04-04,Clarke,Georgia,13059,62,8
2020-04-04,Clay,Georgia,13061,7,0
2020-04-04,Clayton,Georgia,13063,235,9
2020-04-04,Clinch,Georgia,13065,2,0
2020-04-04,Cobb,Georgia,13067,453,23
2020-04-04,Coffee,Georgia,13069,15,0
2020-04-04,Colquitt,Georgia,13071,49,3
2020-04-04,Columbia,Georgia,13073,36,0
2020-04-04,Cook,Georgia,13075,1,0
2020-04-04,Coweta,Georgia,13077,64,2
2020-04-04,Crisp,Georgia,13081,28,0
2020-04-04,Dade,Georgia,13083,1,1
2020-04-04,Dawson,Georgia,13085,16,0
2020-04-04,DeKalb,Georgia,13089,539,9
2020-04-04,Decatur,Georgia,13087,16,0
2020-04-04,Dodge,Georgia,13091,5,0
2020-04-04,Dooly,Georgia,13093,15,1
2020-04-04,Dougherty,Georgia,13095,685,30
2020-04-04,Douglas,Georgia,13097,84,4
2020-04-04,Early,Georgia,13099,64,1
2020-04-04,Effingham,Georgia,13103,9,0
2020-04-04,Elbert,Georgia,13105,1,0
2020-04-04,Emanuel,Georgia,13107,1,0
2020-04-04,Fannin,Georgia,13111,8,0
2020-04-04,Fayette,Georgia,13113,66,4
2020-04-04,Floyd,Georgia,13115,80,3
2020-04-04,Forsyth,Georgia,13117,71,1
2020-04-04,Franklin,Georgia,13119,5,0
2020-04-04,Fulton,Georgia,13121,959,26
2020-04-04,Gilmer,Georgia,13123,1,0
2020-04-04,Glynn,Georgia,13127,28,0
2020-04-04,Gordon,Georgia,13129,23,2
2020-04-04,Grady,Georgia,13131,3,0
2020-04-04,Greene,Georgia,13133,12,0
2020-04-04,Gwinnett,Georgia,13135,400,8
2020-04-04,Habersham,Georgia,13137,2,0
2020-04-04,Hall,Georgia,13139,117,0
2020-04-04,Haralson,Georgia,13143,10,0
2020-04-04,Harris,Georgia,13145,6,0
2020-04-04,Hart,Georgia,13147,3,0
2020-04-04,Heard,Georgia,13149,2,1
2020-04-04,Henry,Georgia,13151,167,3
2020-04-04,Houston,Georgia,13153,59,6
2020-04-04,Irwin,Georgia,13155,6,0
2020-04-04,Jackson,Georgia,13157,15,0
2020-04-04,Jasper,Georgia,13159,4,0
2020-04-04,Jefferson,Georgia,13163,3,0
2020-04-04,Jenkins,Georgia,13165,2,0
2020-04-04,Johnson,Georgia,13167,2,0
2020-04-04,Jones,Georgia,13169,6,0
2020-04-04,Lamar,Georgia,13171,7,0
2020-04-04,Lanier,Georgia,13173,1,0
2020-04-04,Laurens,Georgia,13175,15,0
2020-04-04,Lee,Georgia,13177,134,8
2020-04-04,Liberty,Georgia,13179,10,0
2020-04-04,Lincoln,Georgia,13181,5,0
2020-04-04,Long,Georgia,13183,1,0
2020-04-04,Lowndes,Georgia,13185,37,1
2020-04-04,Lumpkin,Georgia,13187,9,0
2020-04-04,Macon,Georgia,13193,4,0
2020-04-04,Madison,Georgia,13195,7,1
2020-04-04,Marion,Georgia,13197,2,0
2020-04-04,McDuffie,Georgia,13189,6,1
2020-04-04,McIntosh,Georgia,13191,2,0
2020-04-04,Meriwether,Georgia,13199,11,0
2020-04-04,Miller,Georgia,13201,10,0
2020-04-04,Mitchell,Georgia,13205,53,1
2020-04-04,Monroe,Georgia,13207,7,1
2020-04-04,Morgan,Georgia,13211,2,0
2020-04-04,Murray,Georgia,13213,9,0
2020-04-04,Muscogee,Georgia,13215,35,0
2020-04-04,Newton,Georgia,13217,52,1
2020-04-04,Oconee,Georgia,13219,24,0
2020-04-04,Oglethorpe,Georgia,13221,1,1
2020-04-04,Paulding,Georgia,13223,50,0
2020-04-04,Peach,Georgia,13225,10,1
2020-04-04,Pickens,Georgia,13227,9,1
2020-04-04,Pierce,Georgia,13229,16,0
2020-04-04,Pike,Georgia,13231,5,0
2020-04-04,Polk,Georgia,13233,18,0
2020-04-04,Pulaski,Georgia,13235,7,0
2020-04-04,Putnam,Georgia,13237,2,0
2020-04-04,Quitman,Georgia,13239,1,0
2020-04-04,Rabun,Georgia,13241,3,0
2020-04-04,Randolph,Georgia,13243,18,0
2020-04-04,Richmond,Georgia,13245,51,1
2020-04-04,Rockdale,Georgia,13247,75,2
2020-04-04,Schley,Georgia,13249,6,0
2020-04-04,Screven,Georgia,13251,2,0
2020-04-04,Seminole,Georgia,13253,8,0
2020-04-04,Spalding,Georgia,13255,26,2
2020-04-04,Stephens,Georgia,13257,6,0
2020-04-04,Stewart,Georgia,13259,1,0
2020-04-04,Sumter,Georgia,13261,83,4
2020-04-04,Talbot,Georgia,13263,3,0
2020-04-04,Tattnall,Georgia,13267,3,0
2020-04-04,Taylor,Georgia,13269,2,0
2020-04-04,Telfair,Georgia,13271,4,0
2020-04-04,Terrell,Georgia,13273,57,2
2020-04-04,Thomas,Georgia,13275,26,0
2020-04-04,Tift,Georgia,13277,34,0
2020-04-04,Toombs,Georgia,13279,5,1
2020-04-04,Towns,Georgia,13281,1,0
2020-04-04,Troup,Georgia,13285,33,1
2020-04-04,Turner,Georgia,13287,12,0
2020-04-04,Twiggs,Georgia,13289,2,0
2020-04-04,Union,Georgia,13291,1,0
2020-04-04,Unknown,Georgia,,88,4
2020-04-04,Upson,Georgia,13293,12,0
2020-04-04,Walker,Georgia,13295,3,0
2020-04-04,Walton,Georgia,13297,18,0
2020-04-04,Ware,Georgia,13299,18,3
2020-04-04,Warren,Georgia,13301,5,0
2020-04-04,Washington,Georgia,13303,5,0
2020-04-04,Wayne,Georgia,13305,1,0
2020-04-04,Webster,Georgia,13307,1,0
2020-04-04,Wheeler,Georgia,13309,1,0
2020-04-04,White,Georgia,13311,4,0
2020-04-04,Whitfield,Georgia,13313,16,1
2020-04-04,Wilcox,Georgia,13315,2,0
2020-04-04,Wilkes,Georgia,13317,3,0
2020-04-04,Wilkinson,Georgia,13319,2,0
2020-04-04,Worth,Georgia,13321,36,1
2020-04-04,Unknown,Guam,,223,4
2020-04-04,Hawaii,Hawaii,15001,22,0
2020-04-04,Honolulu,Hawaii,15003,266,2
2020-04-04,Kauai,Hawaii,15007,15,0
2020-04-04,Maui,Hawaii,15009,38,0
2020-04-04,Unknown,Hawaii,,8,1
2020-04-04,Ada,Idaho,16001,385,3
2020-04-04,Adams,Idaho,16003,1,0
2020-04-04,Bannock,Idaho,16005,5,0
2020-04-04,Bingham,Idaho,16011,2,0
2020-04-04,Blaine,Idaho,16013,410,2
2020-04-04,Bonner,Idaho,16017,2,0
2020-04-04,Bonneville,Idaho,16019,5,0
2020-04-04,Camas,Idaho,16025,1,0
2020-04-04,Canyon,Idaho,16027,99,1
2020-04-04,Caribou,Idaho,16029,1,0
2020-04-04,Cassia,Idaho,16031,4,1
2020-04-04,Custer,Idaho,16037,2,0
2020-04-04,Elmore,Idaho,16039,11,0
2020-04-04,Fremont,Idaho,16043,1,0
2020-04-04,Gem,Idaho,16045,7,0
2020-04-04,Gooding,Idaho,16047,1,0
2020-04-04,Idaho,Idaho,16049,2,0
2020-04-04,Jefferson,Idaho,16051,3,0
2020-04-04,Jerome,Idaho,16053,13,0
2020-04-04,Kootenai,Idaho,16055,40,0
2020-04-04,Latah,Idaho,16057,1,0
2020-04-04,Lewis,Idaho,16061,1,0
2020-04-04,Lincoln,Idaho,16063,9,0
2020-04-04,Madison,Idaho,16065,4,0
2020-04-04,Minidoka,Idaho,16067,3,0
2020-04-04,Nez Perce,Idaho,16069,13,2
2020-04-04,Owyhee,Idaho,16073,2,0
2020-04-04,Payette,Idaho,16075,5,0
2020-04-04,Teton,Idaho,16081,4,0
2020-04-04,Twin Falls,Idaho,16083,37,1
2020-04-04,Valley,Idaho,16085,2,0
2020-04-04,Washington,Idaho,16087,1,0
2020-04-04,Adams,Illinois,17001,3,0
2020-04-04,Bond,Illinois,17005,3,0
2020-04-04,Bureau,Illinois,17011,3,0
2020-04-04,Carroll,Illinois,17015,4,1
2020-04-04,Champaign,Illinois,17019,55,0
2020-04-04,Christian,Illinois,17021,18,3
2020-04-04,Clark,Illinois,17023,2,0
2020-04-04,Clinton,Illinois,17027,10,0
2020-04-04,Cook,Illinois,17031,7439,167
2020-04-04,Crawford,Illinois,17033,2,0
2020-04-04,Cumberland,Illinois,17035,1,0
2020-04-04,De Witt,Illinois,17039,1,0
2020-04-04,DeKalb,Illinois,17037,19,0
2020-04-04,Douglas,Illinois,17041,9,0
2020-04-04,DuPage,Illinois,17043,590,18
2020-04-04,Effingham,Illinois,17049,1,0
2020-04-04,Fayette,Illinois,17051,2,0
2020-04-04,Ford,Illinois,17053,1,0
2020-04-04,Franklin,Illinois,17055,1,0
2020-04-04,Grundy,Illinois,17063,9,0
2020-04-04,Henry,Illinois,17073,7,0
2020-04-04,Iroquois,Illinois,17075,4,0
2020-04-04,Jackson,Illinois,17077,10,1
2020-04-04,Jasper,Illinois,17079,2,0
2020-04-04,Jersey,Illinois,17083,1,0
2020-04-04,Jo Daviess,Illinois,17085,4,0
2020-04-04,Kane,Illinois,17089,207,12
2020-04-04,Kankakee,Illinois,17091,74,5
2020-04-04,Kendall,Illinois,17093,47,2
2020-04-04,Knox,Illinois,17095,1,0
2020-04-04,LaSalle,Illinois,17099,7,1
2020-04-04,Lake,Illinois,17097,689,14
2020-04-04,Lee,Illinois,17103,2,0
2020-04-04,Livingston,Illinois,17105,6,0
2020-04-04,Logan,Illinois,17107,1,0
2020-04-04,Macon,Illinois,17115,5,0
2020-04-04,Macoupin,Illinois,17117,4,0
2020-04-04,Madison,Illinois,17119,47,0
2020-04-04,Marion,Illinois,17121,3,0
2020-04-04,Marshall,Illinois,17123,1,0
2020-04-04,Mason,Illinois,17125,1,0
2020-04-04,Massac,Illinois,17127,1,0
2020-04-04,McHenry,Illinois,17111,122,3
2020-04-04,McLean,Illinois,17113,40,2
2020-04-04,Menard,Illinois,17129,1,0
2020-04-04,Mercer,Illinois,17131,1,0
2020-04-04,Monroe,Illinois,17133,9,0
2020-04-04,Montgomery,Illinois,17135,2,0
2020-04-04,Morgan,Illinois,17137,6,1
2020-04-04,Moultrie,Illinois,17139,1,0
2020-04-04,Ogle,Illinois,17141,4,0
2020-04-04,Peoria,Illinois,17143,11,0
2020-04-04,Piatt,Illinois,17147,1,0
2020-04-04,Pike,Illinois,17149,1,0
2020-04-04,Randolph,Illinois,17157,20,0
2020-04-04,Rock Island,Illinois,17161,29,0
2020-04-04,Saline,Illinois,17165,1,0
2020-04-04,Sangamon,Illinois,17167,31,2
2020-04-04,St. Clair,Illinois,17163,80,3
2020-04-04,Stephenson,Illinois,17177,3,0
2020-04-04,Tazewell,Illinois,17179,10,0
2020-04-04,Unknown,Illinois,,16,0
2020-04-04,Vermilion,Illinois,17183,5,0
2020-04-04,Washington,Illinois,17189,1,0
2020-04-04,Whiteside,Illinois,17195,15,1
2020-04-04,Will,Illinois,17197,606,11
2020-04-04,Williamson,Illinois,17199,3,0
2020-04-04,Winnebago,Illinois,17201,36,1
2020-04-04,Woodford,Illinois,17203,6,0
2020-04-04,Adams,Indiana,18001,2,0
2020-04-04,Allen,Indiana,18003,59,2
2020-04-04,Bartholomew,Indiana,18005,45,0
2020-04-04,Blackford,Indiana,18009,2,0
2020-04-04,Boone,Indiana,18011,50,0
2020-04-04,Brown,Indiana,18013,4,0
2020-04-04,Carroll,Indiana,18015,3,0
2020-04-04,Cass,Indiana,18017,4,0
2020-04-04,Clark,Indiana,18019,61,3
2020-04-04,Clay,Indiana,18021,3,0
2020-04-04,Clinton,Indiana,18023,3,0
2020-04-04,Crawford,Indiana,18025,5,0
2020-04-04,DeKalb,Indiana,18033,3,0
2020-04-04,Dearborn,Indiana,18029,30,1
2020-04-04,Decatur,Indiana,18031,79,4
2020-04-04,Delaware,Indiana,18035,33,1
2020-04-04,Dubois,Indiana,18037,4,0
2020-04-04,Elkhart,Indiana,18039,31,3
2020-04-04,Fayette,Indiana,18041,14,3
2020-04-04,Floyd,Indiana,18043,41,0
2020-04-04,Fountain,Indiana,18045,2,1
2020-04-04,Franklin,Indiana,18047,50,6
2020-04-04,Fulton,Indiana,18049,2,0
2020-04-04,Gibson,Indiana,18051,4,0
2020-04-04,Grant,Indiana,18053,15,0
2020-04-04,Greene,Indiana,18055,9,0
2020-04-04,Hamilton,Indiana,18057,265,4
2020-04-04,Hancock,Indiana,18059,57,2
2020-04-04,Harrison,Indiana,18061,28,1
2020-04-04,Hendricks,Indiana,18063,163,4
2020-04-04,Henry,Indiana,18065,8,0
2020-04-04,Howard,Indiana,18067,27,2
2020-04-04,Huntington,Indiana,18069,5,1
2020-04-04,Jackson,Indiana,18071,28,0
2020-04-04,Jasper,Indiana,18073,15,1
2020-04-04,Jay,Indiana,18075,2,0
2020-04-04,Jefferson,Indiana,18077,5,0
2020-04-04,Jennings,Indiana,18079,35,0
2020-04-04,Johnson,Indiana,18081,153,6
2020-04-04,Knox,Indiana,18083,5,0
2020-04-04,Kosciusko,Indiana,18085,11,0
2020-04-04,LaGrange,Indiana,18087,4,0
2020-04-04,LaPorte,Indiana,18091,19,2
2020-04-04,Lake,Indiana,18089,313,8
2020-04-04,Lawrence,Indiana,18093,36,5
2020-04-04,Madison,Indiana,18095,72,9
2020-04-04,Marion,Indiana,18097,1570,34
2020-04-04,Marshall,Indiana,18099,4,0
2020-04-04,Martin,Indiana,18101,1,0
2020-04-04,Miami,Indiana,18103,8,0
2020-04-04,Monroe,Indiana,18105,45,0
2020-04-04,Montgomery,Indiana,18107,14,0
2020-04-04,Morgan,Indiana,18109,60,1
2020-04-04,Newton,Indiana,18111,1,0
2020-04-04,Noble,Indiana,18113,9,0
2020-04-04,Ohio,Indiana,18115,1,0
2020-04-04,Orange,Indiana,18117,5,1
2020-04-04,Owen,Indiana,18119,13,0
2020-04-04,Parke,Indiana,18121,2,0
2020-04-04,Porter,Indiana,18127,51,0
2020-04-04,Posey,Indiana,18129,5,0
2020-04-04,Putnam,Indiana,18133,14,1
2020-04-04,Randolph,Indiana,18135,5,1
2020-04-04,Ripley,Indiana,18137,51,2
2020-04-04,Rush,Indiana,18139,10,1
2020-04-04,Scott,Indiana,18143,7,1
2020-04-04,Shelby,Indiana,18145,32,0
2020-04-04,Spencer,Indiana,18147,1,0
2020-04-04,St. Joseph,Indiana,18141,89,1
2020-04-04,Starke,Indiana,18149,2,0
2020-04-04,Steuben,Indiana,18151,4,0
2020-04-04,Sullivan,Indiana,18153,3,0
2020-04-04,Switzerland,Indiana,18155,7,0
2020-04-04,Tippecanoe,Indiana,18157,28,1
2020-04-04,Tipton,Indiana,18159,6,0
2020-04-04,Union,Indiana,18161,2,0
2020-04-04,Vigo,Indiana,18167,10,2
2020-04-04,Wabash,Indiana,18169,1,0
2020-04-04,Warren,Indiana,18171,2,1
2020-04-04,Warrick,Indiana,18173,12,0
2020-04-04,Washington,Indiana,18175,16,0
2020-04-04,Wayne,Indiana,18177,6,0
2020-04-04,Wells,Indiana,18179,2,0
2020-04-04,White,Indiana,18181,3,0
2020-04-04,Whitley,Indiana,18183,5,0
2020-04-04,Adair,Iowa,19001,1,0
2020-04-04,Allamakee,Iowa,19005,16,1
2020-04-04,Appanoose,Iowa,19007,1,0
2020-04-04,Audubon,Iowa,19009,1,0
2020-04-04,Benton,Iowa,19011,7,0
2020-04-04,Black Hawk,Iowa,19013,10,0
2020-04-04,Boone,Iowa,19015,2,0
2020-04-04,Bremer,Iowa,19017,2,0
2020-04-04,Buchanan,Iowa,19019,3,0
2020-04-04,Butler,Iowa,19023,1,0
2020-04-04,Carroll,Iowa,19027,1,0
2020-04-04,Cedar,Iowa,19031,11,0
2020-04-04,Cerro Gordo,Iowa,19033,10,0
2020-04-04,Clay,Iowa,19041,2,0
2020-04-04,Clayton,Iowa,19043,3,0
2020-04-04,Clinton,Iowa,19045,15,0
2020-04-04,Crawford,Iowa,19047,4,0
2020-04-04,Dallas,Iowa,19049,33,0
2020-04-04,Des Moines,Iowa,19057,1,0
2020-04-04,Dickinson,Iowa,19059,1,0
2020-04-04,Dubuque,Iowa,19061,24,1
2020-04-04,Fayette,Iowa,19065,3,0
2020-04-04,Grundy,Iowa,19075,1,0
2020-04-04,Guthrie,Iowa,19077,1,0
2020-04-04,Hancock,Iowa,19081,3,0
2020-04-04,Hardin,Iowa,19083,1,0
2020-04-04,Harrison,Iowa,19085,10,0
2020-04-04,Henry,Iowa,19087,6,0
2020-04-04,Howard,Iowa,19089,1,0
2020-04-04,Iowa,Iowa,19095,6,0
2020-04-04,Jackson,Iowa,19097,3,0
2020-04-04,Jasper,Iowa,19099,8,0
2020-04-04,Jefferson,Iowa,19101,3,0
2020-04-04,Johnson,Iowa,19103,96,0
2020-04-04,Jones,Iowa,19105,5,0
2020-04-04,Keokuk,Iowa,19107,2,0
2020-04-04,Kossuth,Iowa,19109,1,0
2020-04-04,Lee,Iowa,19111,1,0
2020-04-04,Linn,Iowa,19113,139,4
2020-04-04,Louisa,Iowa,19115,1,0
2020-04-04,Lyon,Iowa,19119,2,0
2020-04-04,Madison,Iowa,19121,1,0
2020-04-04,Mahaska,Iowa,19123,3,0
2020-04-04,Marshall,Iowa,19127,10,0
2020-04-04,Mills,Iowa,19129,1,0
2020-04-04,Mitchell,Iowa,19131,2,0
2020-04-04,Monona,Iowa,19133,6,0
2020-04-04,Montgomery,Iowa,19137,1,0
2020-04-04,Muscatine,Iowa,19139,27,1
2020-04-04,O'Brien,Iowa,19141,3,0
2020-04-04,Page,Iowa,19145,2,0
2020-04-04,Plymouth,Iowa,19149,3,0
2020-04-04,Polk,Iowa,19153,109,1
2020-04-04,Pottawattamie,Iowa,19155,8,0
2020-04-04,Poweshiek,Iowa,19157,6,1
2020-04-04,Scott,Iowa,19163,38,0
2020-04-04,Shelby,Iowa,19165,5,0
2020-04-04,Sioux,Iowa,19167,7,0
2020-04-04,Story,Iowa,19169,5,0
2020-04-04,Tama,Iowa,19171,29,0
2020-04-04,Taylor,Iowa,19173,1,0
2020-04-04,Van Buren,Iowa,19177,6,0
2020-04-04,Wapello,Iowa,19179,1,0
2020-04-04,Warren,Iowa,19181,9,0
2020-04-04,Washington,Iowa,19183,47,2
2020-04-04,Webster,Iowa,19187,1,0
2020-04-04,Winneshiek,Iowa,19191,4,0
2020-04-04,Woodbury,Iowa,19193,8,0
2020-04-04,Wright,Iowa,19197,1,0
2020-04-04,Atchison,Kansas,20005,2,0
2020-04-04,Barton,Kansas,20009,3,0
2020-04-04,Bourbon,Kansas,20011,3,0
2020-04-04,Butler,Kansas,20015,8,0
2020-04-04,Chautauqua,Kansas,20019,3,0
2020-04-04,Cherokee,Kansas,20021,5,0
2020-04-04,Clay,Kansas,20027,1,0
2020-04-04,Cloud,Kansas,20029,1,0
2020-04-04,Coffey,Kansas,20031,23,1
2020-04-04,Cowley,Kansas,20035,1,0
2020-04-04,Crawford,Kansas,20037,6,1
2020-04-04,Doniphan,Kansas,20043,1,0
2020-04-04,Douglas,Kansas,20045,32,0
2020-04-04,Finney,Kansas,20055,9,0
2020-04-04,Ford,Kansas,20057,2,0
2020-04-04,Franklin,Kansas,20059,9,0
2020-04-04,Gove,Kansas,20063,1,0
2020-04-04,Greenwood,Kansas,20073,1,0
2020-04-04,Harvey,Kansas,20079,2,0
2020-04-04,Jackson,Kansas,20085,1,0
2020-04-04,Jefferson,Kansas,20087,2,0
2020-04-04,Jewell,Kansas,20089,1,0
2020-04-04,Johnson,Kansas,20091,185,7
2020-04-04,Labette,Kansas,20099,4,0
2020-04-04,Leavenworth,Kansas,20103,33,1
2020-04-04,Linn,Kansas,20107,6,0
2020-04-04,Lyon,Kansas,20111,19,0
2020-04-04,Marion,Kansas,20115,2,0
2020-04-04,McPherson,Kansas,20113,8,0
2020-04-04,Miami,Kansas,20121,2,0
2020-04-04,Mitchell,Kansas,20123,2,0
2020-04-04,Montgomery,Kansas,20125,6,2
2020-04-04,Morris,Kansas,20127,2,0
2020-04-04,Neosho,Kansas,20133,1,0
2020-04-04,Osage,Kansas,20139,3,0
2020-04-04,Osborne,Kansas,20141,2,0
2020-04-04,Ottawa,Kansas,20143,2,0
2020-04-04,Pottawatomie,Kansas,20149,2,0
2020-04-04,Pratt,Kansas,20151,1,0
2020-04-04,Reno,Kansas,20155,9,0
2020-04-04,Riley,Kansas,20161,11,0
2020-04-04,Saline,Kansas,20169,4,0
2020-04-04,Sedgwick,Kansas,20173,97,1
2020-04-04,Shawnee,Kansas,20177,27,2
2020-04-04,Stafford,Kansas,20185,1,0
2020-04-04,Stevens,Kansas,20189,1,0
2020-04-04,Sumner,Kansas,20191,2,0
2020-04-04,Woodson,Kansas,20207,3,0
2020-04-04,Wyandotte,Kansas,20209,149,6
2020-04-04,Allen,Kentucky,21003,1,0
2020-04-04,Anderson,Kentucky,21005,3,1
2020-04-04,Barren,Kentucky,21009,2,0
2020-04-04,Bath,Kentucky,21011,1,0
2020-04-04,Boone,Kentucky,21015,6,1
2020-04-04,Bourbon,Kentucky,21017,6,1
2020-04-04,Boyd,Kentucky,21019,5,1
2020-04-04,Boyle,Kentucky,21021,2,0
2020-04-04,Bracken,Kentucky,21023,1,0
2020-04-04,Breathitt,Kentucky,21025,3,0
2020-04-04,Breckinridge,Kentucky,21027,2,0
2020-04-04,Bullitt,Kentucky,21029,7,2
2020-04-04,Butler,Kentucky,21031,1,0
2020-04-04,Caldwell,Kentucky,21033,1,0
2020-04-04,Calloway,Kentucky,21035,5,0
2020-04-04,Campbell,Kentucky,21037,7,0
2020-04-04,Carroll,Kentucky,21041,2,0
2020-04-04,Christian,Kentucky,21047,18,0
2020-04-04,Clark,Kentucky,21049,11,0
2020-04-04,Clinton,Kentucky,21053,1,0
2020-04-04,Crittenden,Kentucky,21055,1,0
2020-04-04,Cumberland,Kentucky,21057,1,0
2020-04-04,Daviess,Kentucky,21059,47,2
2020-04-04,Edmonson,Kentucky,21061,4,0
2020-04-04,Fayette,Kentucky,21067,125,9
2020-04-04,Floyd,Kentucky,21071,1,0
2020-04-04,Franklin,Kentucky,21073,8,0
2020-04-04,Grant,Kentucky,21081,2,1
2020-04-04,Graves,Kentucky,21083,1,0
2020-04-04,Grayson,Kentucky,21085,2,0
2020-04-04,Hancock,Kentucky,21091,1,0
2020-04-04,Hardin,Kentucky,21093,10,0
2020-04-04,Harrison,Kentucky,21097,19,0
2020-04-04,Henderson,Kentucky,21101,9,0
2020-04-04,Henry,Kentucky,21103,1,0
2020-04-04,Hopkins,Kentucky,21107,26,2
2020-04-04,Jefferson,Kentucky,21111,294,12
2020-04-04,Jessamine,Kentucky,21113,15,0
2020-04-04,Kenton,Kentucky,21117,32,3
2020-04-04,Larue,Kentucky,21123,2,0
2020-04-04,Laurel,Kentucky,21125,2,0
2020-04-04,Lawrence,Kentucky,21127,1,0
2020-04-04,Lewis,Kentucky,21135,2,0
2020-04-04,Lincoln,Kentucky,21137,1,0
2020-04-04,Logan,Kentucky,21141,2,0
2020-04-04,Lyon,Kentucky,21143,4,0
2020-04-04,Madison,Kentucky,21151,12,0
2020-04-04,Marion,Kentucky,21155,3,0
2020-04-04,Marshall,Kentucky,21157,1,0
2020-04-04,Martin,Kentucky,21159,1,0
2020-04-04,Mason,Kentucky,21161,1,0
2020-04-04,McCracken,Kentucky,21145,8,0
2020-04-04,McCreary,Kentucky,21147,1,0
2020-04-04,Meade,Kentucky,21163,2,0
2020-04-04,Menifee,Kentucky,21165,4,0
2020-04-04,Mercer,Kentucky,21167,3,0
2020-04-04,Montgomery,Kentucky,21173,6,0
2020-04-04,Muhlenberg,Kentucky,21177,8,0
2020-04-04,Nelson,Kentucky,21179,4,0
2020-04-04,Nicholas,Kentucky,21181,1,0
2020-04-04,Ohio,Kentucky,21183,1,0
2020-04-04,Oldham,Kentucky,21185,4,0
2020-04-04,Pendleton,Kentucky,21191,1,0
2020-04-04,Perry,Kentucky,21193,2,0
2020-04-04,Powell,Kentucky,21197,1,0
2020-04-04,Pulaski,Kentucky,21199,11,1
2020-04-04,Rockcastle,Kentucky,21203,1,0
2020-04-04,Russell,Kentucky,21207,1,0
2020-04-04,Scott,Kentucky,21209,8,0
2020-04-04,Shelby,Kentucky,21211,7,0
2020-04-04,Simpson,Kentucky,21213,5,1
2020-04-04,Spencer,Kentucky,21215,4,0
2020-04-04,Taylor,Kentucky,21217,2,0
2020-04-04,Union,Kentucky,21225,2,0
2020-04-04,Unknown,Kentucky,,77,3
2020-04-04,Warren,Kentucky,21227,19,0
2020-04-04,Washington,Kentucky,21229,3,0
2020-04-04,Wayne,Kentucky,21231,4,0
2020-04-04,Webster,Kentucky,21233,3,0
2020-04-04,Woodford,Kentucky,21239,8,0
2020-04-04,Acadia,Louisiana,22001,65,2
2020-04-04,Allen,Louisiana,22003,39,3
2020-04-04,Ascension,Louisiana,22005,284,7
2020-04-04,Assumption,Louisiana,22007,56,0
2020-04-04,Avoyelles,Louisiana,22009,36,1
2020-04-04,Beauregard,Louisiana,22011,15,0
2020-04-04,Bienville,Louisiana,22013,10,1
2020-04-04,Bossier,Louisiana,22015,126,2
2020-04-04,Caddo,Louisiana,22017,598,10
2020-04-04,Calcasieu,Louisiana,22019,135,3
2020-04-04,Caldwell,Louisiana,22021,3,0
2020-04-04,Catahoula,Louisiana,22025,9,1
2020-04-04,Claiborne,Louisiana,22027,20,2
2020-04-04,Concordia,Louisiana,22029,5,1
2020-04-04,De Soto,Louisiana,22031,71,3
2020-04-04,East Baton Rouge,Louisiana,22033,621,14
2020-04-04,East Carroll,Louisiana,22035,1,0
2020-04-04,East Feliciana,Louisiana,22037,22,0
2020-04-04,Evangeline,Louisiana,22039,19,0
2020-04-04,Franklin,Louisiana,22041,19,0
2020-04-04,Grant,Louisiana,22043,9,0
2020-04-04,Iberia,Louisiana,22045,68,3
2020-04-04,Iberville,Louisiana,22047,119,5
2020-04-04,Jackson,Louisiana,22049,1,0
2020-04-04,Jefferson,Louisiana,22051,3008,95
2020-04-04,Jefferson Davis,Louisiana,22053,9,0
2020-04-04,Lafayette,Louisiana,22055,229,4
2020-04-04,Lafourche,Louisiana,22057,217,3
2020-04-04,Lincoln,Louisiana,22061,17,0
2020-04-04,Livingston,Louisiana,22063,64,1
2020-04-04,Madison,Louisiana,22065,1,0
2020-04-04,Morehouse,Louisiana,22067,9,0
2020-04-04,Natchitoches,Louisiana,22069,15,0
2020-04-04,Orleans,Louisiana,22071,3966,153
2020-04-04,Ouachita,Louisiana,22073,176,1
2020-04-04,Plaquemines,Louisiana,22075,86,4
2020-04-04,Pointe Coupee,Louisiana,22077,16,0
2020-04-04,Rapides,Louisiana,22079,97,4
2020-04-04,Red River,Louisiana,22081,2,0
2020-04-04,Richland,Louisiana,22083,9,0
2020-04-04,Sabine,Louisiana,22085,4,0
2020-04-04,St. Bernard,Louisiana,22087,239,8
2020-04-04,St. Charles,Louisiana,22089,252,12
2020-04-04,St. Helena,Louisiana,22091,4,0
2020-04-04,St. James,Louisiana,22093,150,6
2020-04-04,St. John the Baptist,Louisiana,22095,338,23
2020-04-04,St. Landry,Louisiana,22097,45,2
2020-04-04,St. Martin,Louisiana,22099,64,5
2020-04-04,St. Mary,Louisiana,22101,65,0
2020-04-04,St. Tammany,Louisiana,22103,532,14
2020-04-04,Tangipahoa,Louisiana,22105,131,2
2020-04-04,Terrebonne,Louisiana,22109,143,8
2020-04-04,Union,Louisiana,22111,19,0
2020-04-04,Unknown,Louisiana,,31,0
2020-04-04,Vermilion,Louisiana,22113,15,1
2020-04-04,Vernon,Louisiana,22115,11,0
2020-04-04,Washington,Louisiana,22117,75,2
2020-04-04,Webster,Louisiana,22119,42,2
2020-04-04,West Baton Rouge,Louisiana,22121,40,4
2020-04-04,West Feliciana,Louisiana,22125,18,0
2020-04-04,Winn,Louisiana,22127,2,0
2020-04-04,Androscoggin,Maine,23001,20,0
2020-04-04,Aroostook,Maine,23003,1,0
2020-04-04,Cumberland,Maine,23005,231,7
2020-04-04,Franklin,Maine,23007,4,0
2020-04-04,Hancock,Maine,23009,2,0
2020-04-04,Kennebec,Maine,23011,21,1
2020-04-04,Knox,Maine,23013,9,0
2020-04-04,Lincoln,Maine,23015,8,0
2020-04-04,Oxford,Maine,23017,11,0
2020-04-04,Penobscot,Maine,23019,22,0
2020-04-04,Sagadahoc,Maine,23023,13,0
2020-04-04,Somerset,Maine,23025,3,0
2020-04-04,Unknown,Maine,,12,0
2020-04-04,Waldo,Maine,23027,3,0
2020-04-04,Washington,Maine,23029,1,0
2020-04-04,York,Maine,23031,95,2
2020-04-04,Allegany,Maryland,24001,3,0
2020-04-04,Anne Arundel,Maryland,24003,289,6
2020-04-04,Baltimore,Maryland,24005,491,4
2020-04-04,Baltimore city,Maryland,24510,343,6
2020-04-04,Calvert,Maryland,24009,33,1
2020-04-04,Caroline,Maryland,24011,4,0
2020-04-04,Carroll,Maryland,24013,134,6
2020-04-04,Cecil,Maryland,24015,33,1
2020-04-04,Charles,Maryland,24017,95,1
2020-04-04,Dorchester,Maryland,24019,1,0
2020-04-04,Frederick,Maryland,24021,73,2
2020-04-04,Garrett,Maryland,24023,3,0
2020-04-04,Harford,Maryland,24025,44,0
2020-04-04,Howard,Maryland,24027,180,3
2020-04-04,Kent,Maryland,24029,5,0
2020-04-04,Montgomery,Maryland,24031,640,9
2020-04-04,Prince George's,Maryland,24033,653,13
2020-04-04,Queen Anne's,Maryland,24035,13,0
2020-04-04,Somerset,Maryland,24039,4,0
2020-04-04,St. Mary's,Maryland,24037,34,0
2020-04-04,Talbot,Maryland,24041,6,1
2020-04-04,Washington,Maryland,24043,29,0
2020-04-04,Wicomico,Maryland,24045,8,1
2020-04-04,Worcester,Maryland,24047,7,0
2020-04-04,Barnstable,Massachusetts,25001,330,6
2020-04-04,Berkshire,Massachusetts,25003,253,10
2020-04-04,Bristol,Massachusetts,25005,601,5
2020-04-04,Dukes,Massachusetts,25007,7,0
2020-04-04,Essex,Massachusetts,25009,1400,25
2020-04-04,Franklin,Massachusetts,25011,95,12
2020-04-04,Hampden,Massachusetts,25013,733,35
2020-04-04,Hampshire,Massachusetts,25015,125,2
2020-04-04,Middlesex,Massachusetts,25017,2468,39
2020-04-04,Nantucket,Massachusetts,25019,9,0
2020-04-04,Norfolk,Massachusetts,25021,1199,25
2020-04-04,Plymouth,Massachusetts,25023,898,8
2020-04-04,Suffolk,Massachusetts,25025,2429,27
2020-04-04,Unknown,Massachusetts,,274,5
2020-04-04,Worcester,Massachusetts,25027,915,17
2020-04-04,Allegan,Michigan,26005,10,0
2020-04-04,Antrim,Michigan,26009,4,0
2020-04-04,Arenac,Michigan,26011,3,0
2020-04-04,Barry,Michigan,26015,5,0
2020-04-04,Bay,Michigan,26017,24,0
2020-04-04,Berrien,Michigan,26021,56,1
2020-04-04,Branch,Michigan,26023,10,1
2020-04-04,Calhoun,Michigan,26025,34,1
2020-04-04,Cass,Michigan,26027,6,1
2020-04-04,Charlevoix,Michigan,26029,7,0
2020-04-04,Cheboygan,Michigan,26031,7,1
2020-04-04,Chippewa,Michigan,26033,1,0
2020-04-04,Clare,Michigan,26035,2,0
2020-04-04,Clinton,Michigan,26037,54,1
2020-04-04,Crawford,Michigan,26039,1,0
2020-04-04,Delta,Michigan,26041,5,0
2020-04-04,Dickinson,Michigan,26043,1,1
2020-04-04,Eaton,Michigan,26045,53,2
2020-04-04,Emmet,Michigan,26047,7,2
2020-04-04,Genesee,Michigan,26049,464,15
2020-04-04,Gladwin,Michigan,26051,3,0
2020-04-04,Gogebic,Michigan,26053,3,1
2020-04-04,Grand Traverse,Michigan,26055,12,3
2020-04-04,Gratiot,Michigan,26057,5,0
2020-04-04,Hillsdale,Michigan,26059,37,3
2020-04-04,Houghton,Michigan,26061,2,0
2020-04-04,Huron,Michigan,26063,4,0
2020-04-04,Ingham,Michigan,26065,168,1
2020-04-04,Ionia,Michigan,26067,6,0
2020-04-04,Iosco,Michigan,26069,2,1
2020-04-04,Isabella,Michigan,26073,10,2
2020-04-04,Jackson,Michigan,26075,81,3
2020-04-04,Kalamazoo,Michigan,26077,45,3
2020-04-04,Kalkaska,Michigan,26079,8,1
2020-04-04,Kent,Michigan,26081,153,3
2020-04-04,Lapeer,Michigan,26087,27,0
2020-04-04,Leelanau,Michigan,26089,1,0
2020-04-04,Lenawee,Michigan,26091,27,0
2020-04-04,Livingston,Michigan,26093,129,2
2020-04-04,Luce,Michigan,26095,1,0
2020-04-04,Mackinac,Michigan,26097,2,0
2020-04-04,Macomb,Michigan,26099,1838,78
2020-04-04,Manistee,Michigan,26101,4,0
2020-04-04,Marquette,Michigan,26103,11,1
2020-04-04,Mecosta,Michigan,26107,4,1
2020-04-04,Midland,Michigan,26111,17,0
2020-04-04,Missaukee,Michigan,26113,1,1
2020-04-04,Monroe,Michigan,26115,101,0
2020-04-04,Montcalm,Michigan,26117,13,0
2020-04-04,Muskegon,Michigan,26121,31,2
2020-04-04,Newaygo,Michigan,26123,2,0
2020-04-04,Oakland,Michigan,26125,2785,142
2020-04-04,Oceana,Michigan,26127,3,0
2020-04-04,Ogemaw,Michigan,26129,2,0
2020-04-04,Osceola,Michigan,26133,4,0
2020-04-04,Oscoda,Michigan,26135,2,0
2020-04-04,Otsego,Michigan,26137,22,1
2020-04-04,Ottawa,Michigan,26139,39,0
2020-04-04,Roscommon,Michigan,26143,2,0
2020-04-04,Saginaw,Michigan,26145,103,0
2020-04-04,Sanilac,Michigan,26151,13,1
2020-04-04,Shiawassee,Michigan,26155,22,0
2020-04-04,St. Clair,Michigan,26147,85,2
2020-04-04,St. Joseph,Michigan,26149,9,0
2020-04-04,Tuscola,Michigan,26157,20,2
2020-04-04,Unknown,Michigan,,333,1
2020-04-04,Van Buren,Michigan,26159,12,1
2020-04-04,Washtenaw,Michigan,26161,501,8
2020-04-04,Wayne,Michigan,26163,6762,252
2020-04-04,Wexford,Michigan,26165,4,0
2020-04-04,Anoka,Minnesota,27003,36,0
2020-04-04,Beltrami,Minnesota,27007,5,0
2020-04-04,Benton,Minnesota,27009,1,0
2020-04-04,Big Stone,Minnesota,27011,1,0
2020-04-04,Blue Earth,Minnesota,27013,14,0
2020-04-04,Brown,Minnesota,27015,3,0
2020-04-04,Carlton,Minnesota,27017,8,0
2020-04-04,Carver,Minnesota,27019,10,0
2020-04-04,Cass,Minnesota,27021,1,0
2020-04-04,Chisago,Minnesota,27025,4,1
2020-04-04,Clay,Minnesota,27027,13,0
2020-04-04,Clearwater,Minnesota,27029,2,0
2020-04-04,Cottonwood,Minnesota,27033,5,0
2020-04-04,Crow Wing,Minnesota,27035,5,0
2020-04-04,Dakota,Minnesota,27037,56,1
2020-04-04,Dodge,Minnesota,27039,10,0
2020-04-04,Douglas,Minnesota,27041,1,0
2020-04-04,Faribault,Minnesota,27043,3,0
2020-04-04,Fillmore,Minnesota,27045,9,0
2020-04-04,Freeborn,Minnesota,27047,10,0
2020-04-04,Goodhue,Minnesota,27049,8,0
2020-04-04,Hennepin,Minnesota,27053,252,9
2020-04-04,Isanti,Minnesota,27059,3,0
2020-04-04,Itasca,Minnesota,27061,2,0
2020-04-04,Jackson,Minnesota,27063,1,0
2020-04-04,Kandiyohi,Minnesota,27067,2,0
2020-04-04,Koochiching,Minnesota,27071,1,0
2020-04-04,Lac qui Parle,Minnesota,27073,1,0
2020-04-04,Le Sueur,Minnesota,27079,20,0
2020-04-04,Lincoln,Minnesota,27081,1,0
2020-04-04,Lyon,Minnesota,27083,3,0
2020-04-04,Mahnomen,Minnesota,27087,1,0
2020-04-04,Martin,Minnesota,27091,32,4
2020-04-04,McLeod,Minnesota,27085,1,0
2020-04-04,Meeker,Minnesota,27093,1,0
2020-04-04,Mower,Minnesota,27099,17,0
2020-04-04,Nicollet,Minnesota,27103,4,0
2020-04-04,Olmsted,Minnesota,27109,88,2
2020-04-04,Otter Tail,Minnesota,27111,1,0
2020-04-04,Polk,Minnesota,27119,1,0
2020-04-04,Ramsey,Minnesota,27123,79,2
2020-04-04,Renville,Minnesota,27129,2,0
2020-04-04,Rice,Minnesota,27131,4,0
2020-04-04,Scott,Minnesota,27139,12,1
2020-04-04,Sherburne,Minnesota,27141,9,0
2020-04-04,Sibley,Minnesota,27143,1,0
2020-04-04,St. Louis,Minnesota,27137,13,0
2020-04-04,Stearns,Minnesota,27145,6,0
2020-04-04,Steele,Minnesota,27147,8,0
2020-04-04,Traverse,Minnesota,27155,2,0
2020-04-04,Unknown,Minnesota,,2,3
2020-04-04,Wabasha,Minnesota,27157,6,0
2020-04-04,Waseca,Minnesota,27161,3,0
2020-04-04,Washington,Minnesota,27163,54,0
2020-04-04,Watonwan,Minnesota,27165,3,0
2020-04-04,Wilkin,Minnesota,27167,2,0
2020-04-04,Winona,Minnesota,27169,13,1
2020-04-04,Wright,Minnesota,27171,8,0
2020-04-04,Yellow Medicine,Minnesota,27173,1,0
2020-04-04,Adams,Mississippi,28001,16,0
2020-04-04,Alcorn,Mississippi,28003,6,0
2020-04-04,Amite,Mississippi,28005,6,1
2020-04-04,Attala,Mississippi,28007,14,0
2020-04-04,Benton,Mississippi,28009,5,0
2020-04-04,Bolivar,Mississippi,28011,34,1
2020-04-04,Calhoun,Mississippi,28013,4,0
2020-04-04,Carroll,Mississippi,28015,5,0
2020-04-04,Chickasaw,Mississippi,28017,15,2
2020-04-04,Choctaw,Mississippi,28019,8,0
2020-04-04,Claiborne,Mississippi,28021,1,0
2020-04-04,Clarke,Mississippi,28023,5,0
2020-04-04,Clay,Mississippi,28025,7,0
2020-04-04,Coahoma,Mississippi,28027,27,1
2020-04-04,Copiah,Mississippi,28029,12,0
2020-04-04,Covington,Mississippi,28031,4,0
2020-04-04,DeSoto,Mississippi,28033,118,1
2020-04-04,Forrest,Mississippi,28035,34,0
2020-04-04,Franklin,Mississippi,28037,4,0
2020-04-04,George,Mississippi,28039,4,0
2020-04-04,Grenada,Mississippi,28043,4,0
2020-04-04,Hancock,Mississippi,28045,30,1
2020-04-04,Harrison,Mississippi,28047,70,3
2020-04-04,Hinds,Mississippi,28049,140,0
2020-04-04,Holmes,Mississippi,28051,17,1
2020-04-04,Humphreys,Mississippi,28053,4,1
2020-04-04,Itawamba,Mississippi,28057,3,0
2020-04-04,Jackson,Mississippi,28059,79,1
2020-04-04,Jasper,Mississippi,28061,3,0
2020-04-04,Jefferson,Mississippi,28063,2,0
2020-04-04,Jones,Mississippi,28067,9,0
2020-04-04,Kemper,Mississippi,28069,4,0
2020-04-04,Lafayette,Mississippi,28071,21,1
2020-04-04,Lamar,Mississippi,28073,13,0
2020-04-04,Lauderdale,Mississippi,28075,61,1
2020-04-04,Lawrence,Mississippi,28077,4,0
2020-04-04,Leake,Mississippi,28079,8,0
2020-04-04,Lee,Mississippi,28081,28,1
2020-04-04,Leflore,Mississippi,28083,22,1
2020-04-04,Lincoln,Mississippi,28085,14,0
2020-04-04,Lowndes,Mississippi,28087,13,0
2020-04-04,Madison,Mississippi,28089,67,0
2020-04-04,Marion,Mississippi,28091,6,0
2020-04-04,Marshall,Mississippi,28093,20,1
2020-04-04,Monroe,Mississippi,28095,12,1
2020-04-04,Montgomery,Mississippi,28097,10,1
2020-04-04,Neshoba,Mississippi,28099,6,0
2020-04-04,Newton,Mississippi,28101,6,0
2020-04-04,Noxubee,Mississippi,28103,5,0
2020-04-04,Oktibbeha,Mississippi,28105,24,0
2020-04-04,Panola,Mississippi,28107,10,1
2020-04-04,Pearl River,Mississippi,28109,43,1
2020-04-04,Perry,Mississippi,28111,13,1
2020-04-04,Pike,Mississippi,28113,23,0
2020-04-04,Pontotoc,Mississippi,28115,12,1
2020-04-04,Prentiss,Mississippi,28117,9,0
2020-04-04,Quitman,Mississippi,28119,5,0
2020-04-04,Rankin,Mississippi,28121,66,1
2020-04-04,Scott,Mississippi,28123,17,0
2020-04-04,Sharkey,Mississippi,28125,2,0
2020-04-04,Simpson,Mississippi,28127,5,0
2020-04-04,Smith,Mississippi,28129,6,0
2020-04-04,Sunflower,Mississippi,28133,18,1
2020-04-04,Tallahatchie,Mississippi,28135,2,0
2020-04-04,Tate,Mississippi,28137,14,0
2020-04-04,Tippah,Mississippi,28139,31,3
2020-04-04,Tishomingo,Mississippi,28141,1,0
2020-04-04,Tunica,Mississippi,28143,15,1
2020-04-04,Union,Mississippi,28145,6,0
2020-04-04,Walthall,Mississippi,28147,12,0
2020-04-04,Warren,Mississippi,28149,3,0
2020-04-04,Washington,Mississippi,28151,31,0
2020-04-04,Wayne,Mississippi,28153,2,0
2020-04-04,Webster,Mississippi,28155,11,1
2020-04-04,Wilkinson,Mississippi,28157,25,3
2020-04-04,Winston,Mississippi,28159,11,0
2020-04-04,Yalobusha,Mississippi,28161,9,0
2020-04-04,Yazoo,Mississippi,28163,19,1
2020-04-04,Adair,Missouri,29001,10,0
2020-04-04,Atchison,Missouri,29005,1,0
2020-04-04,Barry,Missouri,29009,1,0
2020-04-04,Bates,Missouri,29013,3,0
2020-04-04,Benton,Missouri,29015,3,0
2020-04-04,Bollinger,Missouri,29017,1,0
2020-04-04,Boone,Missouri,29019,75,1
2020-04-04,Buchanan,Missouri,29021,8,0
2020-04-04,Butler,Missouri,29023,2,0
2020-04-04,Caldwell,Missouri,29025,1,0
2020-04-04,Callaway,Missouri,29027,18,0
2020-04-04,Camden,Missouri,29029,20,1
2020-04-04,Cape Girardeau,Missouri,29031,16,0
2020-04-04,Carter,Missouri,29035,3,1
2020-04-04,Cass,Missouri,29037,22,1
2020-04-04,Cedar,Missouri,29039,4,0
2020-04-04,Chariton,Missouri,29041,4,0
2020-04-04,Christian,Missouri,29043,16,0
2020-04-04,Clark,Missouri,29045,1,0
2020-04-04,Clay,Missouri,29047,32,0
2020-04-04,Clinton,Missouri,29049,7,0
2020-04-04,Cole,Missouri,29051,28,1
2020-04-04,Cooper,Missouri,29053,2,0
2020-04-04,Crawford,Missouri,29055,2,0
2020-04-04,DeKalb,Missouri,29063,1,0
2020-04-04,Dunklin,Missouri,29069,7,0
2020-04-04,Franklin,Missouri,29071,24,0
2020-04-04,Gasconade,Missouri,29073,2,0
2020-04-04,Greene,Missouri,29077,62,7
2020-04-04,Harrison,Missouri,29081,2,0
2020-04-04,Henry,Missouri,29083,1,1
2020-04-04,Howell,Missouri,29091,1,0
2020-04-04,Jackson,Missouri,29095,135,3
2020-04-04,Jasper,Missouri,29097,8,0
2020-04-04,Jefferson,Missouri,29099,69,1
2020-04-04,Johnson,Missouri,29101,29,0
2020-04-04,Kansas City,Missouri,,172,1
2020-04-04,Lafayette,Missouri,29107,26,1
2020-04-04,Lincoln,Missouri,29113,16,0
2020-04-04,Linn,Missouri,29115,1,0
2020-04-04,Livingston,Missouri,29117,1,0
2020-04-04,Macon,Missouri,29121,2,0
2020-04-04,Maries,Missouri,29125,2,0
2020-04-04,McDonald,Missouri,29119,2,0
2020-04-04,Moniteau,Missouri,29135,2,0
2020-04-04,Montgomery,Missouri,29139,4,0
2020-04-04,Morgan,Missouri,29141,1,0
2020-04-04,New Madrid,Missouri,29143,1,0
2020-04-04,Newton,Missouri,29145,6,0
2020-04-04,Nodaway,Missouri,29147,1,0
2020-04-04,Osage,Missouri,29151,2,0
2020-04-04,Pemiscot,Missouri,29155,3,0
2020-04-04,Perry,Missouri,29157,22,0
2020-04-04,Pettis,Missouri,29159,2,0
2020-04-04,Pike,Missouri,29163,2,0
2020-04-04,Platte,Missouri,29165,14,0
2020-04-04,Pulaski,Missouri,29169,10,1
2020-04-04,Ralls,Missouri,29173,1,0
2020-04-04,Randolph,Missouri,29175,7,0
2020-04-04,Ray,Missouri,29177,3,0
2020-04-04,Reynolds,Missouri,29179,2,0
2020-04-04,Ripley,Missouri,29181,2,0
2020-04-04,Saline,Missouri,29195,2,0
2020-04-04,Scott,Missouri,29201,7,0
2020-04-04,Shelby,Missouri,29205,1,0
2020-04-04,St. Charles,Missouri,29183,143,7
2020-04-04,St. Francois,Missouri,29187,14,0
2020-04-04,St. Louis,Missouri,29189,864,11
2020-04-04,St. Louis city,Missouri,29510,287,6
2020-04-04,Ste. Genevieve,Missouri,29186,6,0
2020-04-04,Stoddard,Missouri,29207,7,0
2020-04-04,Stone,Missouri,29209,2,0
2020-04-04,Taney,Missouri,29213,5,0
2020-04-04,Unknown,Missouri,,3,0
2020-04-04,Warren,Missouri,29219,7,0
2020-04-04,Webster,Missouri,29225,3,0
2020-04-04,Wright,Missouri,29229,6,0
2020-04-04,Beaverhead,Montana,30001,1,0
2020-04-04,Broadwater,Montana,30007,4,0
2020-04-04,Carbon,Montana,30009,1,0
2020-04-04,Cascade,Montana,30013,11,0
2020-04-04,Deer Lodge,Montana,30023,3,0
2020-04-04,Flathead,Montana,30029,23,0
2020-04-04,Gallatin,Montana,30031,109,0
2020-04-04,Glacier,Montana,30035,1,0
2020-04-04,Hill,Montana,30041,1,0
2020-04-04,Jefferson,Montana,30043,2,0
2020-04-04,Lake,Montana,30047,4,0
2020-04-04,Lewis and Clark,Montana,30049,14,0
2020-04-04,Liberty,Montana,30051,1,0
2020-04-04,Lincoln,Montana,30053,6,1
2020-04-04,Madison,Montana,30057,6,1
2020-04-04,Meagher,Montana,30059,1,0
2020-04-04,Missoula,Montana,30063,19,1
2020-04-04,Musselshell,Montana,30065,1,0
2020-04-04,Park,Montana,30067,6,0
2020-04-04,Ravalli,Montana,30081,2,0
2020-04-04,Roosevelt,Montana,30085,1,0
2020-04-04,Silver Bow,Montana,30093,11,0
2020-04-04,Toole,Montana,30101,15,3
2020-04-04,Yellowstone,Montana,30111,38,0
2020-04-04,Adams,Nebraska,31001,8,0
2020-04-04,Antelope,Nebraska,31003,1,0
2020-04-04,Buffalo,Nebraska,31019,14,1
2020-04-04,Cass,Nebraska,31025,2,0
2020-04-04,Cherry,Nebraska,31031,1,0
2020-04-04,Colfax,Nebraska,31037,1,0
2020-04-04,Cuming,Nebraska,31039,1,0
2020-04-04,Dawson,Nebraska,31047,1,0
2020-04-04,Dodge,Nebraska,31053,6,0
2020-04-04,Douglas,Nebraska,31055,148,3
2020-04-04,Gage,Nebraska,31067,2,1
2020-04-04,Gosper,Nebraska,31073,1,0
2020-04-04,Hall,Nebraska,31079,40,1
2020-04-04,Hamilton,Nebraska,31081,4,0
2020-04-04,Kearney,Nebraska,31099,1,0
2020-04-04,Kimball,Nebraska,31105,5,0
2020-04-04,Knox,Nebraska,31107,2,0
2020-04-04,Lancaster,Nebraska,31109,18,0
2020-04-04,Lincoln,Nebraska,31111,15,1
2020-04-04,Madison,Nebraska,31119,5,1
2020-04-04,Merrick,Nebraska,31121,2,0
2020-04-04,Nemaha,Nebraska,31127,1,0
2020-04-04,Otoe,Nebraska,31131,1,0
2020-04-04,Platte,Nebraska,31141,4,0
2020-04-04,Sarpy,Nebraska,31153,28,0
2020-04-04,Saunders,Nebraska,31155,4,0
2020-04-04,Scotts Bluff,Nebraska,31157,3,0
2020-04-04,Washington,Nebraska,31177,19,0
2020-04-04,York,Nebraska,31185,1,0
2020-04-04,Carson City,Nevada,32510,10,0
2020-04-04,Clark,Nevada,32003,1418,41
2020-04-04,Douglas,Nevada,32005,7,0
2020-04-04,Elko,Nevada,32007,7,1
2020-04-04,Humboldt,Nevada,32013,9,0
2020-04-04,Lyon,Nevada,32019,3,0
2020-04-04,Nye,Nevada,32023,7,0
2020-04-04,Unknown,Nevada,,52,0
2020-04-04,Washoe,Nevada,32031,245,4
2020-04-04,Belknap,New Hampshire,33001,17,0
2020-04-04,Carroll,New Hampshire,33003,17,0
2020-04-04,Cheshire,New Hampshire,33005,10,0
2020-04-04,Coos,New Hampshire,33007,1,0
2020-04-04,Grafton,New Hampshire,33009,41,0
2020-04-04,Hillsborough,New Hampshire,33011,231,7
2020-04-04,Merrimack,New Hampshire,33013,39,0
2020-04-04,Rockingham,New Hampshire,33015,213,1
2020-04-04,Strafford,New Hampshire,33017,43,0
2020-04-04,Sullivan,New Hampshire,33019,5,1
2020-04-04,Unknown,New Hampshire,,3,0
2020-04-04,Atlantic,New Jersey,34001,98,1
2020-04-04,Bergen,New Jersey,34003,5760,179
2020-04-04,Burlington,New Jersey,34005,469,10
2020-04-04,Camden,New Jersey,34007,481,10
2020-04-04,Cape May,New Jersey,34009,50,1
2020-04-04,Cumberland,New Jersey,34011,40,2
2020-04-04,Essex,New Jersey,34013,3584,156
2020-04-04,Gloucester,New Jersey,34015,215,3
2020-04-04,Hudson,New Jersey,34017,3491,78
2020-04-04,Hunterdon,New Jersey,34019,171,1
2020-04-04,Mercer,New Jersey,34021,586,13
2020-04-04,Middlesex,New Jersey,34023,2578,76
2020-04-04,Monmouth,New Jersey,34025,2065,54
2020-04-04,Morris,New Jersey,34027,1618,51
2020-04-04,Ocean,New Jersey,34029,2003,56
2020-04-04,Passaic,New Jersey,34031,2856,38
2020-04-04,Salem,New Jersey,34033,25,2
2020-04-04,Somerset,New Jersey,34035,765,24
2020-04-04,Sussex,New Jersey,34037,236,9
2020-04-04,Union,New Jersey,34039,2916,66
2020-04-04,Unknown,New Jersey,,3935,11
2020-04-04,Warren,New Jersey,34041,182,6
2020-04-04,Bernalillo,New Mexico,35001,225,7
2020-04-04,Catron,New Mexico,35003,1,0
2020-04-04,Chaves,New Mexico,35005,13,0
2020-04-04,Cibola,New Mexico,35006,12,0
2020-04-04,Curry,New Mexico,35009,6,0
2020-04-04,Doa Ana,New Mexico,35013,23,0
2020-04-04,Eddy,New Mexico,35015,4,1
2020-04-04,Grant,New Mexico,35017,1,0
2020-04-04,Lea,New Mexico,35025,2,0
2020-04-04,Lincoln,New Mexico,35027,1,0
2020-04-04,Los Alamos,New Mexico,35028,1,0
2020-04-04,McKinley,New Mexico,35031,32,1
2020-04-04,Otero,New Mexico,35035,2,0
2020-04-04,Rio Arriba,New Mexico,35039,6,0
2020-04-04,Roosevelt,New Mexico,35041,1,0
2020-04-04,San Juan,New Mexico,35045,58,0
2020-04-04,San Miguel,New Mexico,35047,1,0
2020-04-04,Sandoval,New Mexico,35043,69,2
2020-04-04,Santa Fe,New Mexico,35049,58,0
2020-04-04,Socorro,New Mexico,35053,4,0
2020-04-04,Taos,New Mexico,35055,13,0
2020-04-04,Torrance,New Mexico,35057,6,0
2020-04-04,Unknown,New Mexico,,2,0
2020-04-04,Valencia,New Mexico,35061,5,0
2020-04-04,Albany,New York,36001,293,6
2020-04-04,Allegany,New York,36003,16,1
2020-04-04,Bronx,New York,36005,0,0
2020-04-04,Broome,New York,36007,65,4
2020-04-04,Cattaraugus,New York,36009,8,0
2020-04-04,Cayuga,New York,36011,8,0
2020-04-04,Chautauqua,New York,36013,12,0
2020-04-04,Chemung,New York,36015,36,0
2020-04-04,Chenango,New York,36017,39,0
2020-04-04,Clinton,New York,36019,31,0
2020-04-04,Columbia,New York,36021,61,3
2020-04-04,Cortland,New York,36023,14,0
2020-04-04,Delaware,New York,36025,30,1
2020-04-04,Dutchess,New York,36027,938,11
2020-04-04,Erie,New York,36029,945,26
2020-04-04,Essex,New York,36031,7,0
2020-04-04,Franklin,New York,36033,10,0
2020-04-04,Fulton,New York,36035,9,0
2020-04-04,Genesee,New York,36037,21,1
2020-04-04,Greene,New York,36039,27,0
2020-04-04,Hamilton,New York,36041,2,0
2020-04-04,Herkimer,New York,36043,22,3
2020-04-04,Jefferson,New York,36045,20,0
2020-04-04,Kings,New York,36047,0,0
2020-04-04,Lewis,New York,36049,5,0
2020-04-04,Livingston,New York,36051,18,1
2020-04-04,Madison,New York,36053,77,2
2020-04-04,Monroe,New York,36055,512,17
2020-04-04,Montgomery,New York,36057,13,1
2020-04-04,Nassau,New York,36059,13346,396
2020-04-04,Niagara,New York,36063,103,0
2020-04-04,Oneida,New York,36065,80,2
2020-04-04,Onondaga,New York,36067,349,4
2020-04-04,Ontario,New York,36069,35,0
2020-04-04,Orange,New York,36071,2741,51
2020-04-04,Orleans,New York,36073,10,0
2020-04-04,Oswego,New York,36075,30,2
2020-04-04,Otsego,New York,36077,26,2
2020-04-04,Putnam,New York,36079,283,9
2020-04-04,Queens,New York,36081,0,0
2020-04-04,Rensselaer,New York,36083,73,1
2020-04-04,Richmond,New York,36085,0,0
2020-04-04,Rockland,New York,36087,4872,69
2020-04-04,Saratoga,New York,36091,141,1
2020-04-04,Schenectady,New York,36093,117,6
2020-04-04,Schoharie,New York,36095,11,0
2020-04-04,Schuyler,New York,36097,4,0
2020-04-04,Seneca,New York,36099,6,0
2020-04-04,St. Lawrence,New York,36089,58,0
2020-04-04,Steuben,New York,36101,64,1
2020-04-04,Suffolk,New York,36103,12328,175
2020-04-04,Sullivan,New York,36105,193,5
2020-04-04,Tioga,New York,36107,8,0
2020-04-04,Tompkins,New York,36109,87,0
2020-04-04,Ulster,New York,36111,318,4
2020-04-04,Unknown,New York,,0,309
2020-04-04,Warren,New York,36113,20,1
2020-04-04,Washington,New York,36115,17,1
2020-04-04,Wayne,New York,36117,30,0
2020-04-04,Westchester,New York,36119,13080,197
2020-04-04,Wyoming,New York,36121,18,1
2020-04-04,Yates,New York,36123,2,0
2020-04-04,Alamance,North Carolina,37001,16,0
2020-04-04,Alexander,North Carolina,37003,2,0
2020-04-04,Alleghany,North Carolina,37005,2,0
2020-04-04,Anson,North Carolina,37007,3,0
2020-04-04,Ashe,North Carolina,37009,1,0
2020-04-04,Beaufort,North Carolina,37013,8,0
2020-04-04,Bertie,North Carolina,37015,7,1
2020-04-04,Bladen,North Carolina,37017,1,0
2020-04-04,Brunswick,North Carolina,37019,23,1
2020-04-04,Buncombe,North Carolina,37021,27,1
2020-04-04,Burke,North Carolina,37023,13,0
2020-04-04,Cabarrus,North Carolina,37025,65,1
2020-04-04,Caldwell,North Carolina,37027,5,0
2020-04-04,Carteret,North Carolina,37031,15,0
2020-04-04,Caswell,North Carolina,37033,1,0
2020-04-04,Catawba,North Carolina,37035,16,1
2020-04-04,Chatham,North Carolina,37037,21,0
2020-04-04,Cherokee,North Carolina,37039,8,1
2020-04-04,Chowan,North Carolina,37041,1,0
2020-04-04,Clay,North Carolina,37043,3,0
2020-04-04,Cleveland,North Carolina,37045,15,0
2020-04-04,Columbus,North Carolina,37047,4,0
2020-04-04,Craven,North Carolina,37049,13,0
2020-04-04,Cumberland,North Carolina,37051,42,0
2020-04-04,Currituck,North Carolina,37053,2,0
2020-04-04,Dare,North Carolina,37055,1,0
2020-04-04,Davidson,North Carolina,37057,53,0
2020-04-04,Davie,North Carolina,37059,14,2
2020-04-04,Duplin,North Carolina,37061,4,0
2020-04-04,Durham,North Carolina,37063,181,0
2020-04-04,Edgecombe,North Carolina,37065,5,0
2020-04-04,Forsyth,North Carolina,37067,82,1
2020-04-04,Franklin,North Carolina,37069,14,0
2020-04-04,Gaston,North Carolina,37071,42,1
2020-04-04,Gates,North Carolina,37073,1,0
2020-04-04,Granville,North Carolina,37077,24,0
2020-04-04,Greene,North Carolina,37079,6,0
2020-04-04,Guilford,North Carolina,37081,94,4
2020-04-04,Halifax,North Carolina,37083,10,0
2020-04-04,Harnett,North Carolina,37085,23,2
2020-04-04,Haywood,North Carolina,37087,2,0
2020-04-04,Henderson,North Carolina,37089,25,1
2020-04-04,Hertford,North Carolina,37091,4,0
2020-04-04,Hoke,North Carolina,37093,10,0
2020-04-04,Iredell,North Carolina,37097,42,0
2020-04-04,Johnston,North Carolina,37101,26,2
2020-04-04,Lee,North Carolina,37105,3,0
2020-04-04,Lenoir,North Carolina,37107,6,0
2020-04-04,Lincoln,North Carolina,37109,9,0
2020-04-04,Macon,North Carolina,37113,1,0
2020-04-04,Martin,North Carolina,37117,3,0
2020-04-04,McDowell,North Carolina,37111,8,0
2020-04-04,Mecklenburg,North Carolina,37119,635,4
2020-04-04,Mitchell,North Carolina,37121,1,0
2020-04-04,Montgomery,North Carolina,37123,9,1
2020-04-04,Moore,North Carolina,37125,9,0
2020-04-04,Nash,North Carolina,37127,18,0
2020-04-04,New Hanover,North Carolina,37129,37,0
2020-04-04,Northampton,North Carolina,37131,36,0
2020-04-04,Onslow,North Carolina,37133,13,1
2020-04-04,Orange,North Carolina,37135,52,0
2020-04-04,Pamlico,North Carolina,37137,3,0
2020-04-04,Pasquotank,North Carolina,37139,8,0
2020-04-04,Perquimans,North Carolina,37143,1,0
2020-04-04,Person,North Carolina,37145,3,0
2020-04-04,Pitt,North Carolina,37147,35,0
2020-04-04,Polk,North Carolina,37149,6,0
2020-04-04,Randolph,North Carolina,37151,26,1
2020-04-04,Robeson,North Carolina,37155,3,0
2020-04-04,Rockingham,North Carolina,37157,5,1
2020-04-04,Rowan,North Carolina,37159,44,1
2020-04-04,Rutherford,North Carolina,37161,12,0
2020-04-04,Sampson,North Carolina,37163,2,0
2020-04-04,Scotland,North Carolina,37165,2,0
2020-04-04,Stanly,North Carolina,37167,7,0
2020-04-04,Stokes,North Carolina,37169,5,0
2020-04-04,Surry,North Carolina,37171,3,0
2020-04-04,Transylvania,North Carolina,37175,5,0
2020-04-04,Union,North Carolina,37179,67,0
2020-04-04,Vance,North Carolina,37181,10,0
2020-04-04,Wake,North Carolina,37183,283,0
2020-04-04,Warren,North Carolina,37185,1,0
2020-04-04,Washington,North Carolina,37187,3,0
2020-04-04,Watauga,North Carolina,37189,7,0
2020-04-04,Wayne,North Carolina,37191,11,0
2020-04-04,Wilkes,North Carolina,37193,4,1
2020-04-04,Wilson,North Carolina,37195,23,1
2020-04-04,Yadkin,North Carolina,37197,6,0
2020-04-04,Barnes,North Dakota,38003,2,0
2020-04-04,Burke,North Dakota,38013,2,0
2020-04-04,Burleigh,North Dakota,38015,34,0
2020-04-04,Cass,North Dakota,38017,48,1
2020-04-04,Divide,North Dakota,38023,1,0
2020-04-04,Dunn,North Dakota,38025,1,0
2020-04-04,Eddy,North Dakota,38027,1,0
2020-04-04,Foster,North Dakota,38031,1,0
2020-04-04,Grand Forks,North Dakota,38035,10,0
2020-04-04,Grant,North Dakota,38037,1,0
2020-04-04,McHenry,North Dakota,38049,1,1
2020-04-04,McIntosh,North Dakota,38051,1,0
2020-04-04,McKenzie,North Dakota,38053,2,0
2020-04-04,McLean,North Dakota,38055,2,0
2020-04-04,Morton,North Dakota,38059,16,1
2020-04-04,Mountrail,North Dakota,38061,13,0
2020-04-04,Oliver,North Dakota,38065,1,0
2020-04-04,Pierce,North Dakota,38069,2,0
2020-04-04,Ramsey,North Dakota,38071,3,0
2020-04-04,Sioux,North Dakota,38085,1,0
2020-04-04,Slope,North Dakota,38087,1,0
2020-04-04,Stark,North Dakota,38089,22,0
2020-04-04,Walsh,North Dakota,38099,1,0
2020-04-04,Ward,North Dakota,38101,14,0
2020-04-04,Williams,North Dakota,38105,5,0
2020-04-04,Unknown,Northern Mariana Islands,,8,1
2020-04-04,Adams,Ohio,39001,1,0
2020-04-04,Allen,Ohio,39003,15,0
2020-04-04,Ashland,Ohio,39005,3,0
2020-04-04,Ashtabula,Ohio,39007,11,0
2020-04-04,Athens,Ohio,39009,3,1
2020-04-04,Auglaize,Ohio,39011,6,0
2020-04-04,Belmont,Ohio,39013,17,0
2020-04-04,Brown,Ohio,39015,3,1
2020-04-04,Butler,Ohio,39017,59,1
2020-04-04,Carroll,Ohio,39019,8,0
2020-04-04,Champaign,Ohio,39021,5,0
2020-04-04,Clark,Ohio,39023,7,0
2020-04-04,Clermont,Ohio,39025,20,1
2020-04-04,Clinton,Ohio,39027,7,0
2020-04-04,Columbiana,Ohio,39029,36,5
2020-04-04,Coshocton,Ohio,39031,8,0
2020-04-04,Crawford,Ohio,39033,7,0
2020-04-04,Cuyahoga,Ohio,39035,781,13
2020-04-04,Darke,Ohio,39037,28,2
2020-04-04,Defiance,Ohio,39039,7,0
2020-04-04,Delaware,Ohio,39041,69,1
2020-04-04,Erie,Ohio,39043,6,1
2020-04-04,Fairfield,Ohio,39045,36,0
2020-04-04,Fayette,Ohio,39047,2,0
2020-04-04,Franklin,Ohio,39049,557,6
2020-04-04,Fulton,Ohio,39051,5,0
2020-04-04,Gallia,Ohio,39053,4,1
2020-04-04,Geauga,Ohio,39055,38,0
2020-04-04,Greene,Ohio,39057,11,1
2020-04-04,Guernsey,Ohio,39059,1,0
2020-04-04,Hamilton,Ohio,39061,288,2
2020-04-04,Hancock,Ohio,39063,9,0
2020-04-04,Hardin,Ohio,39065,1,0
2020-04-04,Highland,Ohio,39071,4,0
2020-04-04,Holmes,Ohio,39075,1,0
2020-04-04,Huron,Ohio,39077,6,1
2020-04-04,Jefferson,Ohio,39081,14,0
2020-04-04,Knox,Ohio,39083,6,1
2020-04-04,Lake,Ohio,39085,76,3
2020-04-04,Lawrence,Ohio,39087,7,0
2020-04-04,Licking,Ohio,39089,50,1
2020-04-04,Logan,Ohio,39091,3,0
2020-04-04,Lorain,Ohio,39093,105,2
2020-04-04,Lucas,Ohio,39095,272,7
2020-04-04,Madison,Ohio,39097,15,2
2020-04-04,Mahoning,Ohio,39099,250,13
2020-04-04,Marion,Ohio,39101,12,0
2020-04-04,Medina,Ohio,39103,74,2
2020-04-04,Mercer,Ohio,39107,6,1
2020-04-04,Miami,Ohio,39109,69,9
2020-04-04,Montgomery,Ohio,39113,69,2
2020-04-04,Morrow,Ohio,39117,3,0
2020-04-04,Muskingum,Ohio,39119,4,0
2020-04-04,Ottawa,Ohio,39123,5,0
2020-04-04,Perry,Ohio,39127,3,0
2020-04-04,Pickaway,Ohio,39129,20,0
2020-04-04,Pike,Ohio,39131,1,0
2020-04-04,Portage,Ohio,39133,74,3
2020-04-04,Preble,Ohio,39135,4,0
2020-04-04,Richland,Ohio,39139,14,0
2020-04-04,Ross,Ohio,39141,4,0
2020-04-04,Sandusky,Ohio,39143,5,0
2020-04-04,Seneca,Ohio,39147,5,1
2020-04-04,Shelby,Ohio,39149,10,0
2020-04-04,Stark,Ohio,39151,92,5
2020-04-04,Summit,Ohio,39153,184,7
2020-04-04,Trumbull,Ohio,39155,90,6
2020-04-04,Tuscarawas,Ohio,39157,19,0
2020-04-04,Union,Ohio,39159,7,0
2020-04-04,Van Wert,Ohio,39161,2,0
2020-04-04,Warren,Ohio,39165,35,0
2020-04-04,Washington,Ohio,39167,6,0
2020-04-04,Wayne,Ohio,39169,25,0
2020-04-04,Williams,Ohio,39171,1,0
2020-04-04,Wood,Ohio,39173,23,0
2020-04-04,Wyandot,Ohio,39175,5,0
2020-04-04,Adair,Oklahoma,40001,14,0
2020-04-04,Atoka,Oklahoma,40005,1,0
2020-04-04,Beckham,Oklahoma,40009,1,0
2020-04-04,Bryan,Oklahoma,40013,3,0
2020-04-04,Caddo,Oklahoma,40015,4,0
2020-04-04,Canadian,Oklahoma,40017,32,1
2020-04-04,Carter,Oklahoma,40019,1,0
2020-04-04,Cherokee,Oklahoma,40021,10,0
2020-04-04,Choctaw,Oklahoma,40023,2,0
2020-04-04,Cleveland,Oklahoma,40027,169,8
2020-04-04,Comanche,Oklahoma,40031,37,0
2020-04-04,Cotton,Oklahoma,40033,4,0
2020-04-04,Craig,Oklahoma,40035,3,0
2020-04-04,Creek,Oklahoma,40037,43,1
2020-04-04,Custer,Oklahoma,40039,5,0
2020-04-04,Delaware,Oklahoma,40041,11,0
2020-04-04,Garfield,Oklahoma,40047,5,0
2020-04-04,Garvin,Oklahoma,40049,11,0
2020-04-04,Grady,Oklahoma,40051,6,0
2020-04-04,Grant,Oklahoma,40053,1,0
2020-04-04,Greer,Oklahoma,40055,6,1
2020-04-04,Jackson,Oklahoma,40065,4,0
2020-04-04,Kay,Oklahoma,40071,29,1
2020-04-04,Kingfisher,Oklahoma,40073,3,0
2020-04-04,Kiowa,Oklahoma,40075,1,0
2020-04-04,Latimer,Oklahoma,40077,4,1
2020-04-04,Le Flore,Oklahoma,40079,1,0
2020-04-04,Lincoln,Oklahoma,40081,7,0
2020-04-04,Logan,Oklahoma,40083,6,0
2020-04-04,Love,Oklahoma,40085,2,0
2020-04-04,Major,Oklahoma,40093,1,0
2020-04-04,Mayes,Oklahoma,40097,7,1
2020-04-04,McClain,Oklahoma,40087,11,0
2020-04-04,McCurtain,Oklahoma,40089,1,0
2020-04-04,Muskogee,Oklahoma,40101,17,2
2020-04-04,Noble,Oklahoma,40103,5,0
2020-04-04,Nowata,Oklahoma,40105,8,0
2020-04-04,Oklahoma,Oklahoma,40109,256,10
2020-04-04,Okmulgee,Oklahoma,40111,11,0
2020-04-04,Osage,Oklahoma,40113,25,2
2020-04-04,Ottawa,Oklahoma,40115,10,0
2020-04-04,Pawnee,Oklahoma,40117,16,1
2020-04-04,Payne,Oklahoma,40119,20,0
2020-04-04,Pittsburg,Oklahoma,40121,3,0
2020-04-04,Pontotoc,Oklahoma,40123,7,0
2020-04-04,Pottawatomie,Oklahoma,40125,11,0
2020-04-04,Rogers,Oklahoma,40131,12,0
2020-04-04,Seminole,Oklahoma,40133,2,0
2020-04-04,Sequoyah,Oklahoma,40135,4,1
2020-04-04,Stephens,Oklahoma,40137,9,1
2020-04-04,Texas,Oklahoma,40139,1,0
2020-04-04,Tillman,Oklahoma,40141,1,0
2020-04-04,Tulsa,Oklahoma,40143,221,8
2020-04-04,Wagoner,Oklahoma,40145,40,2
2020-04-04,Washington,Oklahoma,40147,33,1
2020-04-04,Woodward,Oklahoma,40153,1,0
2020-04-04,Benton,Oregon,41003,19,1
2020-04-04,Clackamas,Oregon,41005,78,3
2020-04-04,Clatsop,Oregon,41007,4,0
2020-04-04,Columbia,Oregon,41009,3,0
2020-04-04,Crook,Oregon,41013,1,0
2020-04-04,Deschutes,Oregon,41017,39,0
2020-04-04,Douglas,Oregon,41019,11,0
2020-04-04,Grant,Oregon,41023,1,0
2020-04-04,Hood River,Oregon,41027,3,0
2020-04-04,Jackson,Oregon,41029,33,0
2020-04-04,Josephine,Oregon,41033,13,0
2020-04-04,Klamath,Oregon,41035,14,0
2020-04-04,Lane,Oregon,41039,24,1
2020-04-04,Lincoln,Oregon,41041,4,0
2020-04-04,Linn,Oregon,41043,41,2
2020-04-04,Malheur,Oregon,41045,2,0
2020-04-04,Marion,Oregon,41047,188,5
2020-04-04,Morrow,Oregon,41049,2,0
2020-04-04,Multnomah,Oregon,41051,209,6
2020-04-04,Polk,Oregon,41053,22,1
2020-04-04,Tillamook,Oregon,41057,3,0
2020-04-04,Umatilla,Oregon,41059,5,0
2020-04-04,Union,Oregon,41061,3,0
2020-04-04,Wallowa,Oregon,41063,1,0
2020-04-04,Wasco,Oregon,41065,7,0
2020-04-04,Washington,Oregon,41067,247,4
2020-04-04,Yamhill,Oregon,41071,23,3
2020-04-04,Adams,Pennsylvania,42001,21,0
2020-04-04,Allegheny,Pennsylvania,42003,552,3
2020-04-04,Armstrong,Pennsylvania,42005,12,0
2020-04-04,Beaver,Pennsylvania,42007,69,6
2020-04-04,Bedford,Pennsylvania,42009,4,0
2020-04-04,Berks,Pennsylvania,42011,235,2
2020-04-04,Blair,Pennsylvania,42013,6,0
2020-04-04,Bradford,Pennsylvania,42015,10,0
2020-04-04,Bucks,Pennsylvania,42017,580,14
2020-04-04,Butler,Pennsylvania,42019,84,2
2020-04-04,Cambria,Pennsylvania,42021,6,0
2020-04-04,Cameron,Pennsylvania,42023,1,0
2020-04-04,Carbon,Pennsylvania,42025,46,1
2020-04-04,Centre,Pennsylvania,42027,39,0
2020-04-04,Chester,Pennsylvania,42029,250,2
2020-04-04,Clarion,Pennsylvania,42031,4,0
2020-04-04,Clearfield,Pennsylvania,42033,7,0
2020-04-04,Clinton,Pennsylvania,42035,1,0
2020-04-04,Columbia,Pennsylvania,42037,20,0
2020-04-04,Crawford,Pennsylvania,42039,5,0
2020-04-04,Cumberland,Pennsylvania,42041,54,2
2020-04-04,Dauphin,Pennsylvania,42043,99,1
2020-04-04,Delaware,Pennsylvania,42045,616,13
2020-04-04,Erie,Pennsylvania,42049,19,1
2020-04-04,Fayette,Pennsylvania,42051,23,1
2020-04-04,Forest,Pennsylvania,42053,2,0
2020-04-04,Franklin,Pennsylvania,42055,27,0
2020-04-04,Greene,Pennsylvania,42059,12,0
2020-04-04,Huntingdon,Pennsylvania,42061,4,0
2020-04-04,Indiana,Pennsylvania,42063,9,0
2020-04-04,Juniata,Pennsylvania,42067,7,0
2020-04-04,Lackawanna,Pennsylvania,42069,146,6
2020-04-04,Lancaster,Pennsylvania,42071,291,5
2020-04-04,Lawrence,Pennsylvania,42073,22,2
2020-04-04,Lebanon,Pennsylvania,42075,87,0
2020-04-04,Lehigh,Pennsylvania,42077,804,7
2020-04-04,Luzerne,Pennsylvania,42079,648,5
2020-04-04,Lycoming,Pennsylvania,42081,10,0
2020-04-04,McKean,Pennsylvania,42083,1,0
2020-04-04,Mercer,Pennsylvania,42085,14,0
2020-04-04,Mifflin,Pennsylvania,42087,4,0
2020-04-04,Monroe,Pennsylvania,42089,484,11
2020-04-04,Montgomery,Pennsylvania,42091,982,17
2020-04-04,Montour,Pennsylvania,42093,19,0
2020-04-04,Northampton,Pennsylvania,42095,588,11
2020-04-04,Northumberland,Pennsylvania,42097,9,0
2020-04-04,Perry,Pennsylvania,42099,5,1
2020-04-04,Philadelphia,Pennsylvania,42101,2610,24
2020-04-04,Pike,Pennsylvania,42103,97,1
2020-04-04,Potter,Pennsylvania,42105,3,0
2020-04-04,Schuylkill,Pennsylvania,42107,77,0
2020-04-04,Snyder,Pennsylvania,42109,6,1
2020-04-04,Somerset,Pennsylvania,42111,3,0
2020-04-04,Sullivan,Pennsylvania,42113,1,0
2020-04-04,Susquehanna,Pennsylvania,42115,5,0
2020-04-04,Tioga,Pennsylvania,42117,3,0
2020-04-04,Union,Pennsylvania,42119,5,0
2020-04-04,Unknown,Pennsylvania,,0,1
2020-04-04,Venango,Pennsylvania,42121,3,0
2020-04-04,Warren,Pennsylvania,42123,1,0
2020-04-04,Washington,Pennsylvania,42125,46,0
2020-04-04,Wayne,Pennsylvania,42127,28,0
2020-04-04,Westmoreland,Pennsylvania,42129,135,0
2020-04-04,Wyoming,Pennsylvania,42131,5,0
2020-04-04,York,Pennsylvania,42133,144,1
2020-04-04,Unknown,Puerto Rico,,452,18
2020-04-04,Bristol,Rhode Island,44001,24,0
2020-04-04,Kent,Rhode Island,44003,82,0
2020-04-04,Newport,Rhode Island,44005,39,0
2020-04-04,Providence,Rhode Island,44007,491,7
2020-04-04,Unknown,Rhode Island,,122,10
2020-04-04,Washington,Rhode Island,44009,48,0
2020-04-04,Abbeville,South Carolina,45001,6,0
2020-04-04,Aiken,South Carolina,45003,24,1
2020-04-04,Allendale,South Carolina,45005,2,0
2020-04-04,Anderson,South Carolina,45007,68,3
2020-04-04,Bamberg,South Carolina,45009,5,0
2020-04-04,Barnwell,South Carolina,45011,2,0
2020-04-04,Beaufort,South Carolina,45013,148,3
2020-04-04,Berkeley,South Carolina,45015,45,0
2020-04-04,Calhoun,South Carolina,45017,4,1
2020-04-04,Charleston,South Carolina,45019,274,1
2020-04-04,Cherokee,South Carolina,45021,2,0
2020-04-04,Chester,South Carolina,45023,12,0
2020-04-04,Chesterfield,South Carolina,45025,13,0
2020-04-04,Clarendon,South Carolina,45027,45,1
2020-04-04,Colleton,South Carolina,45029,9,0
2020-04-04,Darlington,South Carolina,45031,19,0
2020-04-04,Dillon,South Carolina,45033,1,0
2020-04-04,Dorchester,South Carolina,45035,45,0
2020-04-04,Edgefield,South Carolina,45037,5,0
2020-04-04,Fairfield,South Carolina,45039,12,0
2020-04-04,Florence,South Carolina,45041,35,5
2020-04-04,Georgetown,South Carolina,45043,17,1
2020-04-04,Greenville,South Carolina,45045,183,2
2020-04-04,Greenwood,South Carolina,45047,10,0
2020-04-04,Hampton,South Carolina,45049,1,0
2020-04-04,Horry,South Carolina,45051,63,4
2020-04-04,Jasper,South Carolina,45053,9,0
2020-04-04,Kershaw,South Carolina,45055,141,2
2020-04-04,Lancaster,South Carolina,45057,39,0
2020-04-04,Laurens,South Carolina,45059,6,0
2020-04-04,Lee,South Carolina,45061,16,1
2020-04-04,Lexington,South Carolina,45063,95,3
2020-04-04,Marion,South Carolina,45067,2,1
2020-04-04,Marlboro,South Carolina,45069,3,0
2020-04-04,McCormick,South Carolina,45065,1,0
2020-04-04,Newberry,South Carolina,45071,8,0
2020-04-04,Oconee,South Carolina,45073,8,0
2020-04-04,Orangeburg,South Carolina,45075,26,0
2020-04-04,Pickens,South Carolina,45077,17,0
2020-04-04,Richland,South Carolina,45079,242,6
2020-04-04,Saluda,South Carolina,45081,4,0
2020-04-04,Spartanburg,South Carolina,45083,72,0
2020-04-04,Sumter,South Carolina,45085,79,3
2020-04-04,Union,South Carolina,45087,9,0
2020-04-04,Williamsburg,South Carolina,45089,9,0
2020-04-04,York,South Carolina,45091,81,2
2020-04-04,Aurora,South Dakota,46003,1,0
2020-04-04,Beadle,South Dakota,46005,21,1
2020-04-04,Bon Homme,South Dakota,46009,1,0
2020-04-04,Brookings,South Dakota,46011,3,0
2020-04-04,Brown,South Dakota,46013,9,0
2020-04-04,Charles Mix,South Dakota,46023,2,0
2020-04-04,Clark,South Dakota,46025,1,0
2020-04-04,Clay,South Dakota,46027,3,0
2020-04-04,Codington,South Dakota,46029,9,0
2020-04-04,Davison,South Dakota,46035,3,1
2020-04-04,Deuel,South Dakota,46039,1,0
2020-04-04,Fall River,South Dakota,46047,1,0
2020-04-04,Faulk,South Dakota,46049,1,0
2020-04-04,Hamlin,South Dakota,46057,1,0
2020-04-04,Hughes,South Dakota,46065,3,0
2020-04-04,Hutchinson,South Dakota,46067,2,0
2020-04-04,Lake,South Dakota,46079,1,0
2020-04-04,Lawrence,South Dakota,46081,9,0
2020-04-04,Lincoln,South Dakota,46083,21,0
2020-04-04,Lyman,South Dakota,46085,1,0
2020-04-04,Marshall,South Dakota,46091,1,0
2020-04-04,McCook,South Dakota,46087,2,0
2020-04-04,Meade,South Dakota,46093,1,0
2020-04-04,Minnehaha,South Dakota,46099,81,0
2020-04-04,Pennington,South Dakota,46103,6,0
2020-04-04,Roberts,South Dakota,46109,4,0
2020-04-04,Spink,South Dakota,46115,2,0
2020-04-04,Todd,South Dakota,46121,1,0
2020-04-04,Turner,South Dakota,46125,3,0
2020-04-04,Union,South Dakota,46127,3,0
2020-04-04,Yankton,South Dakota,46135,14,0
2020-04-04,Anderson,Tennessee,47001,10,0
2020-04-04,Bedford,Tennessee,47003,8,0
2020-04-04,Benton,Tennessee,47005,4,0
2020-04-04,Bledsoe,Tennessee,47007,2,0
2020-04-04,Blount,Tennessee,47009,34,0
2020-04-04,Bradley,Tennessee,47011,21,0
2020-04-04,Campbell,Tennessee,47013,5,0
2020-04-04,Cannon,Tennessee,47015,4,0
2020-04-04,Carroll,Tennessee,47017,6,0
2020-04-04,Carter,Tennessee,47019,3,0
2020-04-04,Cheatham,Tennessee,47021,12,0
2020-04-04,Chester,Tennessee,47023,6,0
2020-04-04,Claiborne,Tennessee,47025,2,0
2020-04-04,Clay,Tennessee,47027,1,0
2020-04-04,Cocke,Tennessee,47029,1,0
2020-04-04,Coffee,Tennessee,47031,4,0
2020-04-04,Cumberland,Tennessee,47035,23,0
2020-04-04,Davidson,Tennessee,47037,856,6
2020-04-04,DeKalb,Tennessee,47041,5,0
2020-04-04,Dickson,Tennessee,47043,22,0
2020-04-04,Dyer,Tennessee,47045,7,0
2020-04-04,Fayette,Tennessee,47047,18,0
2020-04-04,Fentress,Tennessee,47049,1,0
2020-04-04,Franklin,Tennessee,47051,12,1
2020-04-04,Gibson,Tennessee,47053,8,0
2020-04-04,Giles,Tennessee,47055,3,0
2020-04-04,Grainger,Tennessee,47057,3,0
2020-04-04,Greene,Tennessee,47059,16,1
2020-04-04,Grundy,Tennessee,47061,12,0
2020-04-04,Hamblen,Tennessee,47063,4,0
2020-04-04,Hamilton,Tennessee,47065,71,8
2020-04-04,Hardeman,Tennessee,47069,6,0
2020-04-04,Hardin,Tennessee,47071,2,0
2020-04-04,Hawkins,Tennessee,47073,9,1
2020-04-04,Haywood,Tennessee,47075,2,0
2020-04-04,Henry,Tennessee,47079,4,0
2020-04-04,Hickman,Tennessee,47081,1,0
2020-04-04,Houston,Tennessee,47083,2,0
2020-04-04,Humphreys,Tennessee,47085,3,0
2020-04-04,Jackson,Tennessee,47087,3,0
2020-04-04,Jefferson,Tennessee,47089,6,0
2020-04-04,Johnson,Tennessee,47091,2,0
2020-04-04,Knox,Tennessee,47093,99,1
2020-04-04,Lauderdale,Tennessee,47097,2,0
2020-04-04,Lawrence,Tennessee,47099,3,0
2020-04-04,Lewis,Tennessee,47101,2,0
2020-04-04,Lincoln,Tennessee,47103,5,0
2020-04-04,Loudon,Tennessee,47105,13,0
2020-04-04,Macon,Tennessee,47111,7,0
2020-04-04,Madison,Tennessee,47113,19,0
2020-04-04,Marion,Tennessee,47115,16,1
2020-04-04,Marshall,Tennessee,47117,4,0
2020-04-04,Maury,Tennessee,47119,21,0
2020-04-04,McMinn,Tennessee,47107,3,0
2020-04-04,McNairy,Tennessee,47109,3,0
2020-04-04,Meigs,Tennessee,47121,2,0
2020-04-04,Monroe,Tennessee,47123,6,0
2020-04-04,Montgomery,Tennessee,47125,46,0
2020-04-04,Morgan,Tennessee,47129,4,0
2020-04-04,Obion,Tennessee,47131,2,1
2020-04-04,Overton,Tennessee,47133,2,0
2020-04-04,Perry,Tennessee,47135,3,0
2020-04-04,Polk,Tennessee,47139,3,0
2020-04-04,Putnam,Tennessee,47141,81,0
2020-04-04,Roane,Tennessee,47145,5,0
2020-04-04,Robertson,Tennessee,47147,51,0
2020-04-04,Rutherford,Tennessee,47149,140,3
2020-04-04,Scott,Tennessee,47151,3,0
2020-04-04,Sequatchie,Tennessee,47153,2,0
2020-04-04,Sevier,Tennessee,47155,13,0
2020-04-04,Shelby,Tennessee,47157,706,10
2020-04-04,Smith,Tennessee,47159,3,0
2020-04-04,Stewart,Tennessee,47161,1,0
2020-04-04,Sullivan,Tennessee,47163,18,1
2020-04-04,Sumner,Tennessee,47165,301,10
2020-04-04,Tipton,Tennessee,47167,31,0
2020-04-04,Trousdale,Tennessee,47169,7,1
2020-04-04,Unicoi,Tennessee,47171,1,0
2020-04-04,Union,Tennessee,47173,1,0
2020-04-04,Unknown,Tennessee,,63,0
2020-04-04,Warren,Tennessee,47177,1,0
2020-04-04,Washington,Tennessee,47179,22,0
2020-04-04,Wayne,Tennessee,47181,2,0
2020-04-04,Weakley,Tennessee,47183,1,0
2020-04-04,White,Tennessee,47185,2,0
2020-04-04,Williamson,Tennessee,47187,239,2
2020-04-04,Wilson,Tennessee,47189,82,0
2020-04-04,Anderson,Texas,48001,1,0
2020-04-04,Andrews,Texas,48003,1,0
2020-04-04,Angelina,Texas,48005,10,0
2020-04-04,Atascosa,Texas,48013,2,0
2020-04-04,Austin,Texas,48015,4,0
2020-04-04,Bastrop,Texas,48021,10,0
2020-04-04,Bell,Texas,48027,51,1
2020-04-04,Bexar,Texas,48029,395,11
2020-04-04,Blanco,Texas,48031,2,0
2020-04-04,Bowie,Texas,48037,17,1
2020-04-04,Brazoria,Texas,48039,136,1
2020-04-04,Brazos,Texas,48041,72,5
2020-04-04,Brown,Texas,48049,4,0
2020-04-04,Burleson,Texas,48051,2,0
2020-04-04,Burnet,Texas,48053,4,0
2020-04-04,Caldwell,Texas,48055,3,0
2020-04-04,Calhoun,Texas,48057,8,0
2020-04-04,Cameron,Texas,48061,62,0
2020-04-04,Camp,Texas,48063,1,0
2020-04-04,Cass,Texas,48067,4,0
2020-04-04,Castro,Texas,48069,10,1
2020-04-04,Chambers,Texas,48071,11,0
2020-04-04,Cherokee,Texas,48073,5,0
2020-04-04,Clay,Texas,48077,1,0
2020-04-04,Collin,Texas,48085,268,3
2020-04-04,Colorado,Texas,48089,4,0
2020-04-04,Comal,Texas,48091,18,2
2020-04-04,Comanche,Texas,48093,1,0
2020-04-04,Coryell,Texas,48099,4,0
2020-04-04,Crane,Texas,48103,2,0
2020-04-04,Dallas,Texas,48113,1015,18
2020-04-04,Dawson,Texas,48115,3,0
2020-04-04,DeWitt,Texas,48123,6,0
2020-04-04,Deaf Smith,Texas,48117,5,0
2020-04-04,Denton,Texas,48121,288,6
2020-04-04,Donley,Texas,48129,5,0
2020-04-04,Eastland,Texas,48133,3,0
2020-04-04,Ector,Texas,48135,22,0
2020-04-04,El Paso,Texas,48141,96,0
2020-04-04,Ellis,Texas,48139,32,2
2020-04-04,Erath,Texas,48143,7,1
2020-04-04,Falls,Texas,48145,1,0
2020-04-04,Fannin,Texas,48147,2,0
2020-04-04,Fayette,Texas,48149,11,0
2020-04-04,Fort Bend,Texas,48157,268,5
2020-04-04,Franklin,Texas,48159,1,0
2020-04-04,Gaines,Texas,48165,1,0
2020-04-04,Galveston,Texas,48167,222,1
2020-04-04,Gillespie,Texas,48171,2,0
2020-04-04,Goliad,Texas,48175,1,0
2020-04-04,Gonzales,Texas,48177,1,0
2020-04-04,Gray,Texas,48179,5,0
2020-04-04,Grayson,Texas,48181,12,0
2020-04-04,Gregg,Texas,48183,13,0
2020-04-04,Grimes,Texas,48185,3,0
2020-04-04,Guadalupe,Texas,48187,26,0
2020-04-04,Hale,Texas,48189,7,0
2020-04-04,Hardin,Texas,48199,19,1
2020-04-04,Harris,Texas,48201,1284,17
2020-04-04,Harrison,Texas,48203,5,1
2020-04-04,Hays,Texas,48209,47,0
2020-04-04,Hemphill,Texas,48211,1,0
2020-04-04,Henderson,Texas,48213,1,0
2020-04-04,Hidalgo,Texas,48215,86,0
2020-04-04,Hill,Texas,48217,5,0
2020-04-04,Hockley,Texas,48219,7,1
2020-04-04,Hood,Texas,48221,9,1
2020-04-04,Hopkins,Texas,48223,3,0
2020-04-04,Hunt,Texas,48231,8,0
2020-04-04,Hutchinson,Texas,48233,2,0
2020-04-04,Jackson,Texas,48239,3,0
2020-04-04,Jasper,Texas,48241,2,0
2020-04-04,Jefferson,Texas,48245,40,2
2020-04-04,Jim Wells,Texas,48249,2,0
2020-04-04,Johnson,Texas,48251,20,0
2020-04-04,Karnes,Texas,48255,2,0
2020-04-04,Kaufman,Texas,48257,10,0
2020-04-04,Kendall,Texas,48259,9,0
2020-04-04,Kerr,Texas,48265,2,0
2020-04-04,Kleberg,Texas,48273,2,0
2020-04-04,Lamar,Texas,48277,5,0
2020-04-04,Lamb,Texas,48279,1,0
2020-04-04,Lampasas,Texas,48281,1,0
2020-04-04,Lavaca,Texas,48285,2,0
2020-04-04,Lee,Texas,48287,2,0
2020-04-04,Leon,Texas,48289,2,0
2020-04-04,Liberty,Texas,48291,5,0
2020-04-04,Limestone,Texas,48293,3,1
2020-04-04,Live Oak,Texas,48297,3,0
2020-04-04,Llano,Texas,48299,3,0
2020-04-04,Lubbock,Texas,48303,138,4
2020-04-04,Lynn,Texas,48305,3,0
2020-04-04,Martin,Texas,48317,1,0
2020-04-04,Mason,Texas,48319,1,0
2020-04-04,Matagorda,Texas,48321,39,2
2020-04-04,Maverick,Texas,48323,4,0
2020-04-04,McLennan,Texas,48309,50,1
2020-04-04,Medina,Texas,48325,3,0
2020-04-04,Midland,Texas,48329,22,1
2020-04-04,Milam,Texas,48331,2,0
2020-04-04,Montague,Texas,48337,1,0
2020-04-04,Montgomery,Texas,48339,130,3
2020-04-04,Moore,Texas,48341,6,0
2020-04-04,Morris,Texas,48343,1,0
2020-04-04,Nacogdoches,Texas,48347,15,2
2020-04-04,Navarro,Texas,48349,5,1
2020-04-04,Newton,Texas,48351,1,0
2020-04-04,Nueces,Texas,48355,47,0
2020-04-04,Oldham,Texas,48359,2,1
2020-04-04,Orange,Texas,48361,12,0
2020-04-04,Palo Pinto,Texas,48363,1,0
2020-04-04,Panola,Texas,48365,4,1
2020-04-04,Parker,Texas,48367,6,0
2020-04-04,Polk,Texas,48373,7,0
2020-04-04,Potter,Texas,48375,24,0
2020-04-04,Randall,Texas,48381,24,0
2020-04-04,Robertson,Texas,48395,2,0
2020-04-04,Rockwall,Texas,48397,11,0
2020-04-04,Rusk,Texas,48401,11,0
2020-04-04,San Augustine,Texas,48405,4,1
2020-04-04,San Jacinto,Texas,48407,1,0
2020-04-04,San Patricio,Texas,48409,4,0
2020-04-04,Shelby,Texas,48419,11,0
2020-04-04,Smith,Texas,48423,57,1
2020-04-04,Starr,Texas,48427,5,0
2020-04-04,Swisher,Texas,48437,1,0
2020-04-04,Tarrant,Texas,48439,383,9
2020-04-04,Taylor,Texas,48441,23,1
2020-04-04,Terry,Texas,48445,4,0
2020-04-04,Titus,Texas,48449,1,0
2020-04-04,Tom Green,Texas,48451,17,0
2020-04-04,Travis,Texas,48453,430,6
2020-04-04,Trinity,Texas,48455,2,0
2020-04-04,Tyler,Texas,48457,1,0
2020-04-04,Upshur,Texas,48459,3,0
2020-04-04,Uvalde,Texas,48463,4,0
2020-04-04,Val Verde,Texas,48465,5,0
2020-04-04,Van Zandt,Texas,48467,3,1
2020-04-04,Victoria,Texas,48469,27,0
2020-04-04,Walker,Texas,48471,9,0
2020-04-04,Waller,Texas,48473,7,0
2020-04-04,Washington,Texas,48477,17,0
2020-04-04,Webb,Texas,48479,65,5
2020-04-04,Wharton,Texas,48481,9,0
2020-04-04,Wichita,Texas,48485,44,0
2020-04-04,Willacy,Texas,48489,5,1
2020-04-04,Williamson,Texas,48491,71,1
2020-04-04,Wilson,Texas,48493,6,0
2020-04-04,Wise,Texas,48497,3,0
2020-04-04,Wood,Texas,48499,1,0
2020-04-04,Young,Texas,48503,3,0
2020-04-04,Box Elder,Utah,49003,10,0
2020-04-04,Cache,Utah,49005,15,0
2020-04-04,Carbon,Utah,49007,1,0
2020-04-04,Davis,Utah,49011,137,2
2020-04-04,Duchesne,Utah,49013,1,0
2020-04-04,Emery,Utah,49015,1,0
2020-04-04,Garfield,Utah,49017,1,0
2020-04-04,Grand,Utah,49019,1,0
2020-04-04,Iron,Utah,49021,10,0
2020-04-04,Juab,Utah,49023,1,0
2020-04-04,Kane,Utah,49025,1,0
2020-04-04,Millard,Utah,49027,1,0
2020-04-04,Morgan,Utah,49029,5,0
2020-04-04,Salt Lake,Utah,49035,650,1
2020-04-04,San Juan,Utah,49037,5,0
2020-04-04,Summit,Utah,49043,230,0
2020-04-04,Tooele,Utah,49045,17,0
2020-04-04,Uintah,Utah,49047,1,0
2020-04-04,Unknown,Utah,,0,4
2020-04-04,Utah,Utah,49049,186,0
2020-04-04,Wasatch,Utah,49051,70,0
2020-04-04,Washington,Utah,49053,21,0
2020-04-04,Weber,Utah,49057,63,1
2020-04-04,Addison,Vermont,50001,34,0
2020-04-04,Bennington,Vermont,50003,23,0
2020-04-04,Caledonia,Vermont,50005,5,0
2020-04-04,Chittenden,Vermont,50007,245,6
2020-04-04,Franklin,Vermont,50011,23,0
2020-04-04,Lamoille,Vermont,50015,17,0
2020-04-04,Orange,Vermont,50017,4,0
2020-04-04,Orleans,Vermont,50019,8,0
2020-04-04,Rutland,Vermont,50021,24,0
2020-04-04,Unknown,Vermont,,12,13
2020-04-04,Washington,Vermont,50023,21,0
2020-04-04,Windham,Vermont,50025,21,0
2020-04-04,Windsor,Vermont,50027,24,1
2020-04-04,Unknown,Virgin Islands,,42,0
2020-04-04,Accomack,Virginia,51001,8,0
2020-04-04,Albemarle,Virginia,51003,27,0
2020-04-04,Alexandria city,Virginia,51510,68,0
2020-04-04,Alleghany,Virginia,51005,2,0
2020-04-04,Amelia,Virginia,51007,6,0
2020-04-04,Amherst,Virginia,51009,6,0
2020-04-04,Arlington,Virginia,51013,150,2
2020-04-04,Augusta,Virginia,51015,7,0
2020-04-04,Bedford,Virginia,51019,4,0
2020-04-04,Botetourt,Virginia,51023,14,0
2020-04-04,Bristol city,Virginia,51520,1,0
2020-04-04,Brunswick,Virginia,51025,1,0
2020-04-04,Buckingham,Virginia,51029,4,0
2020-04-04,Buena Vista city,Virginia,51530,1,0
2020-04-04,Campbell,Virginia,51031,2,0
2020-04-04,Caroline,Virginia,51033,1,0
2020-04-04,Carroll,Virginia,51035,1,0
2020-04-04,Charles City,Virginia,51036,4,0
2020-04-04,Charlotte,Virginia,51037,1,0
2020-04-04,Charlottesville city,Virginia,51540,21,0
2020-04-04,Chesapeake city,Virginia,51550,65,1
2020-04-04,Chesterfield,Virginia,51041,106,0
2020-04-04,Clarke,Virginia,51043,2,0
2020-04-04,Covington city,Virginia,51580,1,0
2020-04-04,Culpeper,Virginia,51047,8,0
2020-04-04,Cumberland,Virginia,51049,2,0
2020-04-04,Danville city,Virginia,51590,12,0
2020-04-04,Emporia city,Virginia,51595,2,0
2020-04-04,Fairfax,Virginia,51059,387,5
2020-04-04,Fauquier,Virginia,51061,10,0
2020-04-04,Fluvanna,Virginia,51065,5,0
2020-04-04,Franklin,Virginia,51067,10,0
2020-04-04,Franklin city,Virginia,51620,4,0
2020-04-04,Frederick,Virginia,51069,24,0
2020-04-04,Fredericksburg city,Virginia,51630,7,0
2020-04-04,Galax city,Virginia,51640,1,0
2020-04-04,Gloucester,Virginia,51073,9,0
2020-04-04,Goochland,Virginia,51075,10,0
2020-04-04,Greene,Virginia,51079,2,0
2020-04-04,Greensville,Virginia,51081,4,0
2020-04-04,Halifax,Virginia,51083,1,0
2020-04-04,Hampton city,Virginia,51650,39,0
2020-04-04,Hanover,Virginia,51085,12,0
2020-04-04,Harrisonburg city,Virginia,51660,22,0
2020-04-04,Henrico,Virginia,51087,174,16
2020-04-04,Henry,Virginia,51089,3,0
2020-04-04,Hopewell city,Virginia,51670,9,0
2020-04-04,Isle of Wight,Virginia,51093,18,0
2020-04-04,James City,Virginia,51095,111,3
2020-04-04,King George,Virginia,51099,8,0
2020-04-04,King William,Virginia,51101,1,0
2020-04-04,King and Queen,Virginia,51097,1,0
2020-04-04,Lancaster,Virginia,51103,1,0
2020-04-04,Lee,Virginia,51105,2,0
2020-04-04,Lexington city,Virginia,51678,3,0
2020-04-04,Loudoun,Virginia,51107,150,0
2020-04-04,Louisa,Virginia,51109,13,0
2020-04-04,Lynchburg city,Virginia,51680,10,0
2020-04-04,Madison,Virginia,51113,2,0
2020-04-04,Manassas Park city,Virginia,51685,2,0
2020-04-04,Manassas city,Virginia,51683,14,0
2020-04-04,Mathews,Virginia,51115,2,0
2020-04-04,Mecklenburg,Virginia,51117,8,0
2020-04-04,Montgomery,Virginia,51121,6,0
2020-04-04,Nelson,Virginia,51125,2,0
2020-04-04,New Kent,Virginia,51127,8,0
2020-04-04,Newport News city,Virginia,51700,48,1
2020-04-04,Norfolk city,Virginia,51710,55,1
2020-04-04,Northampton,Virginia,51131,2,0
2020-04-04,Northumberland,Virginia,51133,3,0
2020-04-04,Nottoway,Virginia,51135,1,0
2020-04-04,Orange,Virginia,51137,5,0
2020-04-04,Page,Virginia,51139,2,0
2020-04-04,Petersburg city,Virginia,51730,10,0
2020-04-04,Pittsylvania,Virginia,51143,2,0
2020-04-04,Poquoson city,Virginia,51735,3,0
2020-04-04,Portsmouth city,Virginia,51740,26,1
2020-04-04,Powhatan,Virginia,51145,4,0
2020-04-04,Prince Edward,Virginia,51147,3,0
2020-04-04,Prince George,Virginia,51149,16,0
2020-04-04,Prince William,Virginia,51153,159,1
2020-04-04,Pulaski,Virginia,51155,1,0
2020-04-04,Radford city,Virginia,51750,1,0
2020-04-04,Richmond,Virginia,51159,1,0
2020-04-04,Richmond city,Virginia,51760,96,2
2020-04-04,Roanoke,Virginia,51161,5,0
2020-04-04,Roanoke city,Virginia,51770,10,0
2020-04-04,Rockbridge,Virginia,51163,3,0
2020-04-04,Rockingham,Virginia,51165,15,0
2020-04-04,Salem city,Virginia,51775,1,0
2020-04-04,Shenandoah,Virginia,51171,10,0
2020-04-04,Smyth,Virginia,51173,2,0
2020-04-04,Southampton,Virginia,51175,5,0
2020-04-04,Spotsylvania,Virginia,51177,18,0
2020-04-04,Stafford,Virginia,51179,38,0
2020-04-04,Staunton city,Virginia,51790,1,0
2020-04-04,Suffolk city,Virginia,51800,20,0
2020-04-04,Surry,Virginia,51181,3,0
2020-04-04,Sussex,Virginia,51183,3,0
2020-04-04,Tazewell,Virginia,51185,2,0
2020-04-04,Unknown,Virginia,,18,17
2020-04-04,Virginia Beach city,Virginia,51810,160,1
2020-04-04,Warren,Virginia,51187,4,0
2020-04-04,Washington,Virginia,51191,3,0
2020-04-04,Waynesboro city,Virginia,51820,2,0
2020-04-04,Westmoreland,Virginia,51193,2,0
2020-04-04,Williamsburg city,Virginia,51830,10,1
2020-04-04,Winchester city,Virginia,51840,10,0
2020-04-04,Wise,Virginia,51195,1,0
2020-04-04,Wythe,Virginia,51197,2,0
2020-04-04,York,Virginia,51199,19,0
2020-04-04,Adams,Washington,53001,23,0
2020-04-04,Asotin,Washington,53003,2,0
2020-04-04,Benton,Washington,53005,151,13
2020-04-04,Chelan,Washington,53007,23,3
2020-04-04,Clallam,Washington,53009,8,0
2020-04-04,Clark,Washington,53011,137,8
2020-04-04,Columbia,Washington,53013,1,0
2020-04-04,Cowlitz,Washington,53015,18,0
2020-04-04,Douglas,Washington,53017,10,0
2020-04-04,Ferry,Washington,53019,1,0
2020-04-04,Franklin,Washington,53021,49,1
2020-04-04,Grant,Washington,53025,80,1
2020-04-04,Grays Harbor,Washington,53027,3,0
2020-04-04,Island,Washington,53029,130,4
2020-04-04,Jefferson,Washington,53031,20,0
2020-04-04,King,Washington,53033,2900,204
2020-04-04,Kitsap,Washington,53035,95,0
2020-04-04,Kittitas,Washington,53037,10,0
2020-04-04,Klickitat,Washington,53039,9,1
2020-04-04,Lewis,Washington,53041,12,0
2020-04-04,Lincoln,Washington,53043,1,0
2020-04-04,Mason,Washington,53045,13,0
2020-04-04,Okanogan,Washington,53047,7,0
2020-04-04,Pend Oreille,Washington,53051,1,0
2020-04-04,Pierce,Washington,53053,626,8
2020-04-04,San Juan,Washington,53055,7,0
2020-04-04,Skagit,Washington,53057,161,4
2020-04-04,Skamania,Washington,53059,1,0
2020-04-04,Snohomish,Washington,53061,1502,44
2020-04-04,Spokane,Washington,53063,209,10
2020-04-04,Stevens,Washington,53065,5,0
2020-04-04,Thurston,Washington,53067,64,1
2020-04-04,Wahkiakum,Washington,53069,1,0
2020-04-04,Walla Walla,Washington,53071,9,0
2020-04-04,Whatcom,Washington,53073,199,9
2020-04-04,Whitman,Washington,53075,11,0
2020-04-04,Yakima,Washington,53077,289,7
2020-04-04,Barbour,West Virginia,54001,2,0
2020-04-04,Berkeley,West Virginia,54003,49,0
2020-04-04,Cabell,West Virginia,54011,5,0
2020-04-04,Greenbrier,West Virginia,54025,3,0
2020-04-04,Hancock,West Virginia,54029,6,0
2020-04-04,Hardy,West Virginia,54031,2,0
2020-04-04,Harrison,West Virginia,54033,19,0
2020-04-04,Jackson,West Virginia,54035,13,1
2020-04-04,Jefferson,West Virginia,54037,17,0
2020-04-04,Kanawha,West Virginia,54039,48,0
2020-04-04,Logan,West Virginia,54045,5,0
2020-04-04,Marion,West Virginia,54049,13,1
2020-04-04,Marshall,West Virginia,54051,4,0
2020-04-04,Mason,West Virginia,54053,4,0
2020-04-04,Mercer,West Virginia,54055,3,0
2020-04-04,Mineral,West Virginia,54057,2,0
2020-04-04,Monongalia,West Virginia,54061,40,0
2020-04-04,Morgan,West Virginia,54065,1,0
2020-04-04,Ohio,West Virginia,54069,11,0
2020-04-04,Pendleton,West Virginia,54071,1,0
2020-04-04,Pleasants,West Virginia,54073,1,0
2020-04-04,Preston,West Virginia,54077,5,0
2020-04-04,Putnam,West Virginia,54079,5,0
2020-04-04,Raleigh,West Virginia,54081,4,0
2020-04-04,Randolph,West Virginia,54083,3,0
2020-04-04,Roane,West Virginia,54087,2,0
2020-04-04,Tucker,West Virginia,54093,3,0
2020-04-04,Upshur,West Virginia,54097,1,0
2020-04-04,Wetzel,West Virginia,54103,2,0
2020-04-04,Wirt,West Virginia,54105,1,0
2020-04-04,Wood,West Virginia,54107,7,0
2020-04-04,Adams,Wisconsin,55001,1,0
2020-04-04,Ashland,Wisconsin,55003,1,0
2020-04-04,Barron,Wisconsin,55005,3,0
2020-04-04,Bayfield,Wisconsin,55007,3,0
2020-04-04,Brown,Wisconsin,55009,27,0
2020-04-04,Buffalo,Wisconsin,55011,2,0
2020-04-04,Calumet,Wisconsin,55015,3,0
2020-04-04,Chippewa,Wisconsin,55017,16,0
2020-04-04,Clark,Wisconsin,55019,6,0
2020-04-04,Columbia,Wisconsin,55021,19,0
2020-04-04,Crawford,Wisconsin,55023,1,0
2020-04-04,Dane,Wisconsin,55025,253,8
2020-04-04,Dodge,Wisconsin,55027,14,0
2020-04-04,Door,Wisconsin,55029,2,0
2020-04-04,Douglas,Wisconsin,55031,7,0
2020-04-04,Dunn,Wisconsin,55033,5,0
2020-04-04,Eau Claire,Wisconsin,55035,17,0
2020-04-04,Fond du Lac,Wisconsin,55039,36,2
2020-04-04,Grant,Wisconsin,55043,2,0
2020-04-04,Green,Wisconsin,55045,8,0
2020-04-04,Iowa,Wisconsin,55049,3,0
2020-04-04,Iron,Wisconsin,55051,1,1
2020-04-04,Jackson,Wisconsin,55053,3,0
2020-04-04,Jefferson,Wisconsin,55055,13,0
2020-04-04,Juneau,Wisconsin,55057,5,0
2020-04-04,Kenosha,Wisconsin,55059,93,1
2020-04-04,La Crosse,Wisconsin,55063,21,0
2020-04-04,Manitowoc,Wisconsin,55071,1,0
2020-04-04,Marathon,Wisconsin,55073,11,0
2020-04-04,Marinette,Wisconsin,55075,2,0
2020-04-04,Marquette,Wisconsin,55077,2,0
2020-04-04,Menominee,Wisconsin,55078,1,0
2020-04-04,Milwaukee,Wisconsin,55079,1069,29
2020-04-04,Monroe,Wisconsin,55081,5,0
2020-04-04,Oconto,Wisconsin,55083,1,0
2020-04-04,Oneida,Wisconsin,55085,3,0
2020-04-04,Outagamie,Wisconsin,55087,20,1
2020-04-04,Ozaukee,Wisconsin,55089,53,6
2020-04-04,Pierce,Wisconsin,55093,7,0
2020-04-04,Portage,Wisconsin,55097,3,0
2020-04-04,Racine,Wisconsin,55101,48,1
2020-04-04,Richland,Wisconsin,55103,3,0
2020-04-04,Rock,Wisconsin,55105,26,1
2020-04-04,Rusk,Wisconsin,55107,1,0
2020-04-04,Sauk,Wisconsin,55111,18,2
2020-04-04,Shawano,Wisconsin,55115,1,0
2020-04-04,Sheboygan,Wisconsin,55117,21,1
2020-04-04,St. Croix,Wisconsin,55109,7,0
2020-04-04,Trempealeau,Wisconsin,55121,1,0
2020-04-04,Vilas,Wisconsin,55125,3,0
2020-04-04,Walworth,Wisconsin,55127,16,0
2020-04-04,Washington,Wisconsin,55131,55,3
2020-04-04,Waukesha,Wisconsin,55133,147,3
2020-04-04,Waupaca,Wisconsin,55135,2,1
2020-04-04,Winnebago,Wisconsin,55139,18,0
2020-04-04,Wood,Wisconsin,55141,2,0
2020-04-04,Albany,Wyoming,56001,4,0
2020-04-04,Campbell,Wyoming,56005,7,0
2020-04-04,Carbon,Wyoming,56007,4,0
2020-04-04,Converse,Wyoming,56009,3,0
2020-04-04,Crook,Wyoming,56011,1,0
2020-04-04,Fremont,Wyoming,56013,36,0
2020-04-04,Goshen,Wyoming,56015,2,0
2020-04-04,Johnson,Wyoming,56019,8,0
2020-04-04,Laramie,Wyoming,56021,42,0
2020-04-04,Lincoln,Wyoming,56023,1,0
2020-04-04,Natrona,Wyoming,56025,23,0
2020-04-04,Park,Wyoming,56029,1,0
2020-04-04,Sheridan,Wyoming,56033,11,0
2020-04-04,Sublette,Wyoming,56035,1,0
2020-04-04,Sweetwater,Wyoming,56037,4,0
2020-04-04,Teton,Wyoming,56039,36,0
2020-04-04,Uinta,Wyoming,56041,2,0
2020-04-04,Washakie,Wyoming,56043,2,0